epoch,native_train_mae_debye,native_validation_mae_debye,topobench_train_mae_debye,topobench_validation_mae_debye,learning_rate
1,0.7429160620452346,0.6344005112712447,0.7509261379429566,0.5852815689267339,0.0004999888745376027
2,0.4858551959787815,0.40447721400776426,0.5038550073377459,0.39719098661396957,0.0004999554991406182
3,0.36256924458920614,0.3068974383779474,0.36606129276031724,0.37075095482774684,0.0004998998767795803
4,0.29906006010102676,0.30591646239564224,0.30251695025504893,0.28854496672346786,0.0004998220124050849
5,0.270939960232051,0.2457225636855976,0.2726024720753452,0.26005292583156275,0.0004997219129473494
6,0.24552941175031112,0.21019743809828886,0.2453531666360295,0.23332615704149814,0.0004995995873155957
7,0.228221406577416,0.22097910046577454,0.2318336907881464,0.21116828620433808,0.0004994550463972576
8,0.2149738041458798,0.2412535557875762,0.21850053185235974,0.2151878544607678,0.0004992883030570114
9,0.20171239796217938,0.19972123390919452,0.20455246660393625,0.17961196061727164,0.0004990993721356314
10,0.1895049579884864,0.17728872532780107,0.1890363283884388,0.16448375389382647,0.0004988882704486684
11,0.18056138752174927,0.20315137900210717,0.18346565062333892,0.22222323868725752,0.0004986550167849534
12,0.1722745089693399,0.16098884460893836,0.1763954428087155,0.1474998942500836,0.0004983996319049255
13,0.1650655410411605,0.15747005448148058,0.17092815783024978,0.15289289125719585,0.0004981221385387835
14,0.16262059000225992,0.18291821222047547,0.1645351642610473,0.16697263951237137,0.0004978225613844635
15,0.15875825168647142,0.15945333016885294,0.15624317381666855,0.15315785585223018,0.0004975009271054406
16,0.15561219672323875,0.1255360909410425,0.1489253612431821,0.1577820711039208,0.0004971572643283553
17,0.14855459969555118,0.1579369306967065,0.14798326030974196,0.14808490965011958,0.0004967916036404661
18,0.1430123973630669,0.15733262791826919,0.14385998574391207,0.16082271699969833,0.0004964039775869267
19,0.13908876342816912,0.1474487477863157,0.13830487546645062,0.1406912783513198,0.00049599442066789
20,0.1378091187028647,0.16285152942747683,0.13647639612004075,0.12676784384089548,0.0004955629693354366
21,0.1329098382532139,0.13670787400490528,0.13238899092299009,0.12087398082823367,0.0004951096619903313
22,0.13160070375809285,0.12701588063626676,0.12974452347478574,0.12396072982936292,0.0004946345389786046
23,0.128189508157877,0.12429152461322578,0.1269616968143238,0.12527562887281984,0.000494137642587962
24,0.12638762849964016,0.13869516245416694,0.12661687417703033,0.12848233250347343,0.0004936190170440204
25,0.1267348973084091,0.10923718326800579,0.12457386753209035,0.1222392182897877,0.0004930787085063719
26,0.12003349677986697,0.16353851476231138,0.11814814535704318,0.11552855807381707,0.0004925167650644748
27,0.12030447409586577,0.11200328920338605,0.1180652802999555,0.10913646289625684,0.0004919332367333744
28,0.11704168190568286,0.11731121580342989,0.11748301780527018,0.12485337035881507,0.0004913281754492505
29,0.11420822596166734,0.10166572771362356,0.11479892544519879,0.11409647186865678,0.0004907016350647957
30,0.11404535287344067,0.10742630515549634,0.1141404925261029,0.10356247497571482,0.0004900536713444221
31,0.11227531032547383,0.09448427658628773,0.11269368338550578,0.10729396411695996,0.0004893843419592974
32,0.11151467026309637,0.1160303892316045,0.1123493449930495,0.12433930873065381,0.0004886937064822131
33,0.10995959223117573,0.12224569300542007,0.11058741398227193,0.09734455330951794,0.00048798182638228136
34,0.10704169275092529,0.1269476625162202,0.10870758733656723,0.09732273039785591,0.00048724876501946447
35,0.1063429879850481,0.10687322532002991,0.10664641623333411,0.1090351052783631,0.00048649458763893536
36,0.10637650146880213,0.09953729228393451,0.1044237698766183,0.10131496738743137,0.0004857193613652708
37,0.1024242465647077,0.09953837241675402,0.10466002609630808,0.09247000857784941,0.0004849231551964768
38,0.10355256802461427,0.10034673846251256,0.10101756345545033,0.09965461778479653,0.00048410603999784774
39,0.10291695430331405,0.10486657736269203,0.10140360994067851,0.09330633391399641,0.000483268088495659
40,0.10186587004509402,0.11046764818397728,0.10043012692580525,0.09970162184657277,0.0004824093752706939
41,0.1015421652705221,0.09498763857661068,0.09953460588536427,0.12385233741354298,0.0004815299767516061
42,0.09908002200259357,0.10219597155983384,0.10026364202562885,0.14475460741165522,0.0004806299712081168
43,0.09935365948332706,0.08715487714554812,0.09784307920028976,0.09954598485618024,0.00047970943874404867
44,0.09514973243258736,0.09940421496694152,0.0974200494630323,0.08920736457850482,0.0004787684612901961
45,0.09606007207006273,0.11153387733407923,0.09714208416740862,0.1216584721529806,0.00047780712259703356
46,0.09427341460938532,0.11610781441669206,0.0945451532860578,0.10785881321172457,0.0004768255082272607
47,0.09547479660205557,0.09738955046679522,0.0927741296496421,0.07720188941504504,0.0004758237055481877
48,0.09426518262233478,0.09219969519086786,0.09243433633658342,0.09453946960133475,0.00047480180372395876
49,0.09438797480457117,0.09658252037054783,0.09288684088886928,0.10703131991463738,0.0004737598937076165
50,0.09231752625553942,0.0895176014787442,0.09234011422077662,0.08687636622705976,0.00047269806823300667
51,0.09244127713158126,0.08437120233838623,0.09088779979826965,0.08377488009833,0.00047161642180652423
52,0.08823485347851683,0.08202945787358928,0.09058033515146849,0.08947330487741006,0.0004705150506987024
53,0.0895230640083437,0.10465038165047362,0.08852323406016643,0.10993223170170913,0.000469394052935644
54,0.09089220742446562,0.08825947114744702,0.08823318062296527,0.09029614349474778,0.00046825352829029667
55,0.08807112316238103,0.10869912255454708,0.09184402266728214,0.09213598986735215,0.0004670935782735728
56,0.089145109125354,0.07750335432387687,0.08915609611473592,0.09431298947012103,0.00046591430612531477
57,0.0892561305700417,0.0942593976855278,0.08776336546894342,0.08911088121098441,0.0004647158168051062
58,0.08724031634914783,0.10751323260971017,0.08712028207940241,0.10968518104102161,0.00046349821698292974
59,0.08710792350749022,0.08251553685278507,0.0845544495567994,0.0851452103337726,0.000462261615029674
60,0.08644634906395612,0.08109827351731223,0.08410936661221931,0.11872062936827943,0.0004610061210074872
61,0.08468806441522948,0.09482394170922202,0.08328745168438914,0.07902636723341168,0.00045973184665998144
62,0.08306598108469182,0.07431257481913309,0.08359882979512558,0.08655441455744409,0.0004584389054022875
63,0.08419529049015549,0.08007037438250877,0.08197687748969745,0.07859813470292736,0.0004571274123109601
64,0.08247203572926731,0.0834855150129344,0.08061284091030453,0.08361746221780778,0.0004557974841137359
65,0.0834467092389509,0.08395852510993546,0.08248952772618484,0.10377329700701945,0.000454449239179144
66,0.08245042431920824,0.08267419412732124,0.08244398913762734,0.08736178315169102,0.00045308279750597103
67,0.07994073226104084,0.09636078255402075,0.07907356270329736,0.07307556575617274,0.0004516982807125806
68,0.08151539706137038,0.10166503662193144,0.07966531160325098,0.08310572281479836,0.00045029581202608897
69,0.0784847329186558,0.07234255415765015,0.0802683705238772,0.07272637059559693,0.0004488755162713971
70,0.0804727599275032,0.08211691927265477,0.07671863696182186,0.07553686231777475,0.00044743751986008116
71,0.07821696556589768,0.07849909429614609,0.0775769362315507,0.08984695922684025,0.0004459819507791411
72,0.07774072243419124,0.07398809261015944,0.07767424733876724,0.07952097533522426,0.0004445089385796095
73,0.07858873364978583,0.08765748493574761,0.07756398868480709,0.07149070489245492,0.0004430186143650212
74,0.07824399127068996,0.07502720746639613,0.07608745428027439,0.09032158839541513,0.0004415111107797441
75,0.0779190729774406,0.07615214419123288,0.07581985259210537,0.07559955804734617,0.000439986561997174
76,0.07742784131897502,0.08952388566088032,0.074424991766688,0.07331530784030219,0.000438445103707792
77,0.07562663598475895,0.06920452744171426,0.07435562380459053,0.07927004481489594,0.00043688687310708803
78,0.07517846144964621,0.07548619726219692,0.07313650946942607,0.0715036685805063,0.0004353120088833497
79,0.07620499371738672,0.09735402271554276,0.07276512279520223,0.09210684009500451,0.00043372065120531863
80,0.07491115257930504,0.08124011533485877,0.07510495122214654,0.08109866412910255,0.0004321129417097149
81,0.07362766499182427,0.0815337141422001,0.07340944568749924,0.0808361147706573,0.0004304890234886308
82,0.07426865254805894,0.0810435260067115,0.07270758061700155,0.08448351980061145,0.00042884904107679515
83,0.07073182373123525,0.07419019746216568,0.07179474758052208,0.0781201547666176,0.00042719314043870925
84,0.07272959195234725,0.09269820137603862,0.07098716357991014,0.07496812961794234,0.0004255214689556553
85,0.07133796340616101,0.0691488294383964,0.07019694623557025,0.0657497497426497,0.00042383417541257915
86,0.06895037172380084,0.08045894634482023,0.07093823205629603,0.08727029286123611,0.0004221314099848477
87,0.07430346125304241,0.0910550291071067,0.06976749584607908,0.07567990436344534,0.00042041332422488285
88,0.07152858443715522,0.07443200524997066,0.06945191150005628,0.07159098080686621,0.0004186800710486728
89,0.07080684416711101,0.07268576275657963,0.06966397425449398,0.06300870470098548,0.0004169318047221617
90,0.0689790369853406,0.07670192746697245,0.06909817077519798,0.08328177959129617,0.00041516868084751996
91,0.0692244205166248,0.06760322781833443,0.06999267196200516,0.07096061718624991,0.00041339085634929445
92,0.06830496747482875,0.06717012683684762,0.06835225728231405,0.07264765466789941,0.0004115984894604419
93,0.06783690183439547,0.07232863663418873,0.0672341935951513,0.07817478908880336,0.00040979173970824584
94,0.06839551873176203,0.07712320953204825,0.06916191609801578,0.07719647866245863,0.00040797076790011764
95,0.06833577217201697,0.06860448768412744,0.06694599187033762,0.06434665839817073,0.00040613573610928444
96,0.06814168019652825,0.06727257773682878,0.06611922935666713,0.07814009157386986,0.00040428680766036346
97,0.0671640822660328,0.07132702302691099,0.06613548693824524,0.07920896296162863,0.0004024241471148265
98,0.06719639274200528,0.08367819049068399,0.06576721566495076,0.0774301439926431,0.0004005479202563521
99,0.06671412177955921,0.08259022332526542,0.06545360931579645,0.06457909520816159,0.00039865829407607136
100,0.06548420457802212,0.06764318943023681,0.06374101878470972,0.0973543760341567,0.0003967554367577043
101,0.06445697199145686,0.07816894285984942,0.06411328051246402,0.06829964562847808,0.0003948395176625914
102,0.06379630925373359,0.07618451372191713,0.06489765242585865,0.06512516978624705,0.00039291070731461937
103,0.06650600381438654,0.0814293221444697,0.06332664521350284,0.06626302416662912,0.00039096917738504417
104,0.06406312044745673,0.06281171803538864,0.06257735562802162,0.07103955685286908,0.0003890151006772116
105,0.06403731148611333,0.06606912622983391,0.06292665404072764,0.069951022295533,0.0003870486511111772
106,0.06313915828139219,0.0658028921364127,0.06341761636284972,0.08038087799339681,0.0003850700037082265
107,0.06354164416882103,0.0787612245896378,0.06307650876594367,0.06324649060497413,0.00038307933457529773
108,0.06329419298344176,0.07513723399590802,0.06239648065717458,0.06238727442718841,0.00038107682088930764
109,0.06252871847384378,0.07003772295004612,0.06070051314005353,0.07607590286312876,0.0003790626408813819
110,0.0629335254888388,0.06646468284967784,0.06252372929122077,0.060987349156592346,0.000377036973820992
111,0.06166085251919825,0.07667300691073005,0.060283261049188484,0.0579613446987964,0.0003749999999999997
112,0.06159036748125549,0.07097850071417319,0.059036516010646856,0.06256861932374336,0.00037295190071661013
113,0.06190239620571974,0.06531479171401745,0.05999438839673195,0.06873011730007224,0.0003708928582592358
114,0.061262499051250786,0.061374906812970705,0.059834103498629325,0.088080424634186,0.0003688230558902722
115,0.059719121376778254,0.06814580968505628,0.05864325414577967,0.08581754428309363,0.0003667426778297867
116,0.06020366806973079,0.06870116968009923,0.058965835695274735,0.07372829229445071,0.00036465190923912243
117,0.059083659444969586,0.06334622439903181,0.0586395054490747,0.0579393408789828,0.00036255093620441803
118,0.05936543111852057,0.06226288537318642,0.05847973102657214,0.06268933798010284,0.0003604399457200455
119,0.05904888443563012,0.06407996994015333,0.05953460027268889,0.06751429227155609,0.00035831912567196693
120,0.059081366271381185,0.06971985800443468,0.05736951633301097,0.06543354565227354,0.00035618866482101173
121,0.06037707732643596,0.07088323005953351,0.057753964343363856,0.06513225607372619,0.0003540487527860767
122,0.05805312680177062,0.05784122653909632,0.059265815747647964,0.055936918588908945,0.00035189958002724886
123,0.05783230978673799,0.07147339789851291,0.05675928172389056,0.060664555732462856,0.00034974133782885385
124,0.05746385683225121,0.058535733376000376,0.05614448728436701,0.053990114762170895,0.00034757421828243116
125,0.05630455831791526,0.059800951082158736,0.05715474961843921,0.052014953240349486,0.0003453984142696369
126,0.057008580946418926,0.06218043034141128,0.05675874107772924,0.06427258353781055,0.00034321411944507693
127,0.05681940693687111,0.0679394813808235,0.05612932029403675,0.05869267570811349,0.0003410215282190707
128,0.055330699456287206,0.07753000339946231,0.05580390698764466,0.058200440213486956,0.00033882083574034817
129,0.05562077984285332,0.06110498846785442,0.05482835055198413,0.059215404878597,0.0003366122378786807
130,0.05454669534201929,0.05319344346990457,0.055496297855352025,0.05474141507938102,0.0003343959312074478
131,0.056877164885172915,0.060935168592510996,0.054306351467109,0.05690594031601339,0.000332172112986142
132,0.055321994657680076,0.05597632468954937,0.05358128727283221,0.06606689915060997,0.00032994098114281107
133,0.0543917888299975,0.06004730748969155,0.0543068951449845,0.06305559035894033,0.00032770273425644257
134,0.05382734605052192,0.05635821932070964,0.052640758200965095,0.06213001522260743,0.0003254575715392889
135,0.05399925692897154,0.07128153262106147,0.0533365579733121,0.05454937304193909,0.0003232056928191373
136,0.05253465553019875,0.05661502035485732,0.05220637178752793,0.07061898190830206,0.0003209472985215239
137,0.05224297636129577,0.054667095054645794,0.05185112767922558,0.06182623827779615,0.00031868258965189544
138,0.053303078195927465,0.0610206052258208,0.05239800046664625,0.06681394158182917,0.0003164117677777188
139,0.05357066448241644,0.06120385151054408,0.05198600879314422,0.059511261936780566,0.000314135035010541
140,0.05289251434897393,0.05906040871868262,0.051079788747567134,0.05587361223391584,0.00031185259398800033
141,0.0528284608745758,0.05484335484939652,0.05047287923532347,0.053698916874221854,0.000309564647855791
142,0.051065878985510446,0.05899631256187284,0.05031995383411245,0.054136390218863614,0.0003072714002495822
143,0.05079607864316274,0.05012297346382528,0.04996901633300159,0.05457103343026058,0.00030497305527689417
144,0.05174185685284307,0.057432115802893764,0.04983999052097495,0.057066331461474704,0.0003026698174989313
145,0.051067486684233124,0.06869122033586374,0.04975385714729894,0.06085350120792518,0.00030036189191237606
146,0.051568907190421724,0.06375671010967847,0.04884246768404849,0.06488513298131324,0.000298049483931143
147,0.05031994301575502,0.05226020367967116,0.04814030578620946,0.05587680573399002,0.00029573279936809634
148,0.04974765924382919,0.061056468776754434,0.048882475440996394,0.049900447899425354,0.00029341204441673234
149,0.0493657452710359,0.052714779952893386,0.04763008112842199,0.055675796238151755,0.0002910874256328263
150,0.04833367747217131,0.05830428598297609,0.04878167653610061,0.053365746543214125,0.0002887591499160492
151,0.04928396976483188,0.05325201920963622,0.04757458316573369,0.05544176901111732,0.00028642742449155255
152,0.04857693836736473,0.05396473101667456,0.04701088528701188,0.05388707226595363,0.0002840924568915247
153,0.049216832822607026,0.050621966131635616,0.04711057231073302,0.048529593646526335,0.00028175445493671937
154,0.049010601854613214,0.05840166470891721,0.047151482830292434,0.055793562732838295,0.0002794136267179593
155,0.04719631972359833,0.05234033876174205,0.04650968514854757,0.05511515863441132,0.00027707018057761517
156,0.046668963460341065,0.05536226104642894,0.04715871608560465,0.060141715890652425,0.0002747243250910622
157,0.046368313499238346,0.05497599822041151,0.0465012703165984,0.07325943911800513,0.0002723762690481164
158,0.046046139154004045,0.051934205337956146,0.046158240786297766,0.04831892020396284,0.0002700262214344515
159,0.046208521258264725,0.0505677081241801,0.045287145705689855,0.04952920731660482,0.00026767439141299834
160,0.045408980159407156,0.054704051505069476,0.045591340276936426,0.0535371641452248,0.0002653209883053288
161,0.04568733701450239,0.051774127962621486,0.044886805124280546,0.053721470224696234,0.000262966221573025
162,0.045658158560260245,0.05213640537616369,0.044236392580015646,0.04667540251000508,0.00026061030079903687
163,0.04550346660636895,0.05582557366909208,0.04402287584870711,0.04876150065982664,0.00025825343566902815
164,0.045772900660084326,0.05092637532868901,0.04454874414628847,0.04824491300292917,0.0002558958359527141
165,0.044262528564287584,0.049802865329626446,0.043561909197616946,0.049858471247795466,0.00025353771148519034
166,0.044038952086943126,0.04963317684627868,0.043967555187671176,0.04968151182338998,0.0002511792721482578
167,0.04410366049919442,0.051364517916698715,0.042895866304121184,0.0541320157010813,0.00024882072785174173
168,0.043065729701172936,0.05790439854199822,0.04360043120010972,0.05299823709033631,0.00024646228851480924
169,0.043302082040145164,0.04674142502449654,0.04285333659356878,0.047623568128895115,0.00024410416404728558
170,0.04343213998639309,0.046967661682818386,0.04255435345676547,0.0546431219054235,0.00024174656433097142
171,0.043282055085070874,0.04665104116539697,0.04156280784812289,0.0490415427733112,0.0002393896992009627
172,0.04318757226508318,0.05027926250084026,0.04217864343299461,0.05371904471838797,0.0002370337784269745
173,0.04225200704779769,0.04797881338241938,0.041320734510766684,0.04658123699797166,0.0002346790116946707
174,0.042609793605951456,0.08267445515941929,0.041040400920825476,0.04863130673766136,0.00023232560858700116
175,0.042513607838503914,0.04665390420201662,0.04054325315457789,0.049520932822614105,0.00022997377856554807
176,0.04220901009753604,0.050866076853629705,0.041254345443807613,0.04902017686415363,0.00022762373095188318
177,0.04182949505796416,0.04644625329890767,0.04075566472954004,0.049220932536833996,0.00022527567490893732
178,0.04224701239343111,0.06045981808691411,0.039574615721681985,0.05259135697741766,0.00022292981942238432
179,0.04173881409872116,0.04722210797103676,0.03906032261250973,0.04667641393638946,0.00022058637328204014
180,0.04082929542120153,0.04692555941842698,0.03924363656523647,0.056454226435036274,0.00021824554506328012
181,0.039672490177164836,0.04607003339239069,0.03930560829593387,0.04910401109908078,0.00021590754310847485
182,0.03956501139417262,0.0626021105292681,0.038288273194343594,0.04707179901164931,0.00021357257550844698
183,0.04036300662268604,0.049539837321719606,0.0392822168442115,0.045966273848269436,0.0002112408500839504
184,0.039510663505822365,0.046355814285374976,0.0388960029336404,0.04646291690501007,0.00020891257436717335
185,0.03915409510150809,0.045402854912587116,0.03833003327672346,0.04702221485408577,0.0002065879555832673
186,0.03884770276271622,0.046369685252776016,0.037451781968866796,0.04584624759248785,0.0002042672006319032
187,0.03879445739047541,0.04512009341773149,0.03826111318425574,0.050179388051902925,0.0002019505160688566
188,0.03811652532594561,0.04727336117947424,0.03734398963405338,0.04590069832834037,0.00019963810808762352
189,0.03780581148595133,0.04709714073184374,0.0373529735773859,0.04584274503427583,0.00019733018250106825
190,0.03808569356498814,0.043957305558629936,0.03643884258827413,0.0442105191583569,0.00019502694472310544
191,0.0380815569036095,0.04673858121842951,0.03685469494421114,0.046877905988209956,0.00019272859975041735
192,0.03776624776787641,0.05242100488897916,0.036667039092351285,0.04747942915639362,0.00019043535214420857
193,0.036485417449271265,0.046461745351552966,0.03607810642963522,0.04389128864214227,0.00018814740601199925
194,0.03679401034957617,0.045579853553224255,0.03563730867361496,0.0458810171565494,0.0001858649649894586
195,0.036485750712597326,0.0445578289193076,0.035843405731365574,0.044108505426226435,0.0001835882322222808
196,0.03590200881289601,0.044783970391428146,0.035212637062922776,0.045627675487382995,0.0001813174103481042
197,0.03590885637016992,0.04263860258097584,0.034982014184678244,0.04699078385491629,0.00017905270147847572
198,0.03586517656382867,0.04557820699504904,0.0346934335098929,0.045244296338107136,0.00017679430718086224
199,0.03568273429328043,0.04575350671201139,0.03436361922348015,0.045671386070348124,0.00017454242846071065
200,0.03551520974216214,0.045659882293359655,0.0343083761089022,0.04228049106895924,0.00017229726574355706
201,0.03507451328579444,0.04888654210277506,0.03361303674775728,0.04311939284608171,0.00017005901885718856
202,0.035043157408310675,0.04311628417187446,0.03343324431874244,0.0427851896632362,0.0001678278870138577
203,0.03499316920181325,0.04397439580108668,0.033627533448606216,0.044250928771656914,0.00016560406879255184
204,0.03517211365715499,0.04367174333011782,0.03384877094594965,0.043097724463488606,0.00016338776212131904
205,0.03415799900288774,0.0423127470991096,0.03394132720453096,0.04231546158726151,0.00016117916425965152
206,0.033762040211963905,0.04392355094487602,0.03337006796787773,0.04482807406299823,0.000158978471780929
207,0.0335465836966135,0.04537155708751163,0.032783399779356716,0.041944423801190144,0.0001567858805549228
208,0.03386886007082782,0.04465533137522839,0.03255906300315358,0.0422258965973113,0.00015460158573036274
209,0.03318150986107549,0.04356405756159409,0.03232515755425888,0.04082008239787978,0.0001524257817175685
210,0.03277224385056237,0.041166366264224055,0.03183558314588214,0.04311884820864007,0.00015025866217114578
211,0.03242160708620258,0.04647737721333633,0.031645371414177594,0.04351976177579648,0.00014810041997275085
212,0.03246716175929084,0.0410246332956327,0.03122510027404939,0.04301170944362073,0.00014595124721392298
213,0.03235138778086759,0.04043224455939757,0.031051377242077106,0.04238945218558247,0.0001438113351789879
214,0.03163151403320614,0.04179562962538487,0.030912027660321136,0.04026115390698652,0.00014168087432803278
215,0.031518748727217744,0.04374089356813882,0.030785646105467586,0.04100780621976466,0.0001395600542799541
216,0.03129575338085931,0.0415076060673675,0.030258798122677715,0.04316489305850622,0.00013744906379558163
217,0.031034978540996787,0.04300776617349805,0.030212849469751748,0.043482647594567894,0.00013534809076087723
218,0.030801302910694807,0.04081005426878865,0.03015222189315164,0.03888472435442177,0.00013325732217021289
219,0.03034702867033557,0.03992689704975566,0.029763936758713506,0.04267665375326131,0.00013117694410972735
220,0.02998532651567871,0.03915208423057118,0.029378088234053235,0.042366930177888354,0.00012910714174076382
221,0.030148360854990765,0.040813749998405174,0.029038625535145832,0.03832257058773492,0.00012704809928338945
222,0.030013980865907532,0.04119131283180134,0.029060502629548367,0.039780664625200066,0.00012499999999999995
223,0.02957740228894862,0.04074421019570248,0.028523918221599196,0.039267976843827476,0.0001229630261790076
224,0.029521358312034333,0.03921348581442962,0.028800825420373804,0.039732849316017047,0.00012093735911861768
225,0.029190651500408116,0.03947693878734434,0.028510001268159176,0.03994336210795351,0.00011892317911069202
226,0.02895083852762968,0.039999053697731046,0.027977925081757,0.03939256759712825,0.0001169206654247019
227,0.028862613424901883,0.04046767038872113,0.027854065766518724,0.04026092163010223,0.0001149299962917732
228,0.028862222519679973,0.03839166795683874,0.027817080703683755,0.03927474819325112,0.00011295134888882248
229,0.028391734916795468,0.038661188833616876,0.027791665337851088,0.03870274443682786,0.00011098489932278808
230,0.028156326672566373,0.03854720820043538,0.02726848681963222,0.03815854009542916,0.00010903082261495538
231,0.02791074559364232,0.03774755609196585,0.026914869193809962,0.03801685410576898,0.00010708929268538025
232,0.027861855069672307,0.039672538527363056,0.026830193870870715,0.04031910703995743,0.00010516048233740815
233,0.02769200708323843,0.03956029945732774,0.026525201039985822,0.03907826998950662,0.00010324456324229527
234,0.027310811442585802,0.039552582196287205,0.026525070551146473,0.03843941780159602,0.00010134170592392827
235,0.02732487235597251,0.040176897858445706,0.026133544657257833,0.037579018330654586,9.94520797436476e-05
236,0.027126266209912736,0.03962458090202228,0.02582672302166068,0.03823788834584726,9.757585288517321e-05
237,0.02679960707635145,0.03917425919223476,0.02589992379801859,0.040139601782367036,9.57131923396362e-05
238,0.02660437807844748,0.038086625430229545,0.025514455229730386,0.0388823301002786,9.386426389071524e-05
239,0.02643064327266303,0.03797137190562648,0.02531962314774345,0.03733300744883112,9.20292320998819e-05
240,0.025965673350255344,0.03927675668854971,0.02508781652811793,0.04020369869430323,9.020826029175374e-05
241,0.02601947203714708,0.040208750620887086,0.024886381092004035,0.037512439267860874,8.840151053955763e-05
242,0.025848610433901797,0.037455067763457424,0.02455034095171889,0.03754875784790194,8.66091436507051e-05
243,0.025607297227372934,0.03847514628558545,0.02479745078145485,0.03722146699154699,8.48313191524796e-05
244,0.02537486106586319,0.03717290003960197,0.024279112571889746,0.03811367182312785,8.306819527783783e-05
245,0.025187906705472267,0.0374238292309078,0.024346995083418553,0.038977364752743694,8.131992895132676e-05
246,0.024933417813920358,0.03707795112922385,0.023944907810989475,0.036382974764785254,7.958667577511675e-05
247,0.024657992315398183,0.037088802527334236,0.023671926174405784,0.03615735421913701,7.786859001515187e-05
248,0.024557009022933163,0.03675784401192858,0.023538542736228733,0.0360702507801958,7.61658245874205e-05
249,0.02429939723160697,0.03720130032381496,0.023473620176987432,0.03739167780086801,7.44785310443443e-05
250,0.024245502902713253,0.040539431048406134,0.023088055333898416,0.037259845677259804,7.280685956129041e-05
251,0.023877333517180983,0.036789323228436546,0.022808885272420698,0.036170047511522835,7.11509589232044e-05
252,0.02392695155781256,0.03682380620692227,0.022810557824979587,0.036497220960823265,6.951097651136883e-05
253,0.023852739526019674,0.0371268086638805,0.022568211558269564,0.036486175072354236,6.788705829028468e-05
254,0.023626339661168387,0.035806058719754216,0.02253671653475791,0.03629296184391589,6.6279348794681e-05
255,0.023315224453320658,0.03643852054468683,0.02219846836986617,0.03651513174377583,6.468799111664988e-05
256,0.02319167995192611,0.035909909261642274,0.022118505181641015,0.0356019380024156,6.31131268929116e-05
257,0.02275550306100763,0.03619643300771713,0.021829762739163327,0.0351719408220536,6.15548962922076e-05
258,0.02276725694090271,0.03593919446339478,0.02167474547036407,0.03557184136195763,6.001343800282564e-05
259,0.022621802299242332,0.03572995980849137,0.021681274786133912,0.035746438912040476,5.848888922025548e-05
260,0.02237253857601341,0.035856170720748,0.02132649767443166,0.03580589662935283,5.6981385634978414e-05
261,0.022423039598930307,0.03636177826572109,0.021211731472837374,0.035471245938458955,5.549106142039014e-05
262,0.022162183298731146,0.035917416607608665,0.021278501354200827,0.0355834778700326,5.401804922085856e-05
263,0.021932377578286658,0.035384541900979505,0.020954039625308677,0.03523652125653383,5.2562480139918454e-05
264,0.021828726300479925,0.035355510049172346,0.020826467589051562,0.03465975890489849,5.112448372860245e-05
265,0.02164201747854875,0.03518560570035432,0.02054187146260362,0.03563179663709692,4.97041879739106e-05
266,0.02151897449704198,0.035422583286826674,0.0203827791498713,0.03510888187667808,4.830171928741888e-05
267,0.021433718817133362,0.03547861464321613,0.02028798470595376,0.03536514523061546,4.691720249402853e-05
268,0.021198829787920967,0.035759839012816146,0.02007151748484533,0.035170826527315215,4.5550760820855545e-05
269,0.02101061067538561,0.0351391632411931,0.020085218218611034,0.03481622037251254,4.42025158862637e-05
270,0.020958670231758576,0.034886824752430656,0.019797721889313318,0.034793045502659437,4.287258768903946e-05
271,0.020827659937569194,0.035364511367437,0.01968805438207888,0.034558354972584825,4.156109459771213e-05
272,0.020595646166598387,0.03533445279541853,0.01941261103022808,0.03476964239333127,4.02681533400181e-05
273,0.020477453346816454,0.03528502993285656,0.01933233821121064,0.034946881476286294,3.899387899251239e-05
274,0.020425118723144172,0.03508057620477032,0.01932850070726734,0.034735430646184326,3.77383849703255e-05
275,0.020236051127479025,0.035013775295905165,0.01905920550910016,0.034622429935513316,3.65017830170698e-05
276,0.02015841418105015,0.03524286295916583,0.018998386145295885,0.034418293320246644,3.5284183194893455e-05
277,0.01991965142820538,0.034880470152239544,0.01889170391034628,0.03402088585536222,3.408569387468485e-05
278,0.019863766180118994,0.03457113780282639,0.0187937627526826,0.03414531978400978,3.290642172642683e-05
279,0.01976810963627759,0.03463651418081812,0.01861151090542466,0.03408594609716454,3.174647170970299e-05
280,0.019652700292093112,0.034621803724282495,0.01848451646613297,0.03441106597515377,3.060594706435557e-05
281,0.019573265989623865,0.03466235412335074,0.018435852300025337,0.034283489129833276,2.9484949301297138e-05
282,0.019357593069585923,0.0344637102472621,0.018301676946286392,0.0339053358379248,2.8383578193475343e-05
283,0.019287861763873277,0.03420690512536345,0.01819571150080685,0.03394708460247194,2.7301931766992893e-05
284,0.01917531301272808,0.03461423714620036,0.018098060996226982,0.033752652086518904,2.6240106292383e-05
285,0.0189889627240684,0.034378503071697986,0.017986944376092384,0.03415039769701055,2.519819627604076e-05
286,0.018924029653037463,0.03436401378665421,0.01779076406346087,0.033808311276339195,2.417629445181192e-05
287,0.01885833135393096,0.03423344475796094,0.017757130641089806,0.03390014276311204,2.3174491772738876e-05
288,0.01877625482138997,0.034218653170643626,0.0176220771922746,0.03420217567803086,2.2192877402966088e-05
289,0.018618697927989453,0.034401114838751586,0.017476826139337844,0.03380508454063454,2.123153870980347e-05
290,0.018555597376235675,0.034494680276996384,0.017369967618074102,0.03370196932070964,2.0290561255951007e-05
291,0.018465304555060368,0.03409724540605738,0.017318898979073922,0.033920773330169754,1.9370028791882834e-05
292,0.018321133643252892,0.034100896754377594,0.017212223176685325,0.03354302564182797,1.8470023248393544e-05
293,0.01819007752656279,0.03400553219221734,0.01704771599362313,0.03364450678833433,1.759062472930571e-05
294,0.01811061893373499,0.03417110193420101,0.017059226827821097,0.033614129724132046,1.6731911504340654e-05
295,0.018022333580156834,0.03425452784710639,0.01691182415875215,0.033467175217496384,1.589396000215189e-05
296,0.017995276358765112,0.03395691883523722,0.01685514657949446,0.033560711024580775,1.5076844803522908e-05
297,0.017986315545659947,0.03419666350693316,0.016858258137154088,0.033373313820039906,1.4280638634728936e-05
298,0.01787272006123114,0.03397053470079963,0.016777597651092938,0.03346893501442832,1.3505412361064412e-05
299,0.017718291584931444,0.0340219508856535,0.01659927749023156,0.03340687571546516,1.2751234980535308e-05
300,0.017690458450280486,0.0339301893839965,0.01657508356557469,0.033535059692489134,1.2018173617718386e-05
301,0.01761511895240726,0.0340074915740941,0.016507926931508213,0.0333896575646626,1.1306293517786604e-05
302,0.017617663634930256,0.03398797392241053,0.01644263394362867,0.03345293441938387,1.0615658040702265e-05
303,0.017421950742552296,0.03396327760372613,0.016324139302042302,0.033316330631842486,9.946328655577643e-06
304,0.017358511975017196,0.03377852618090204,0.016227362210899876,0.03328856786561979,9.298364935203909e-06
305,0.017328232601857,0.033918060009946696,0.01619707146702395,0.0333868862305944,8.671824550749155e-06
306,0.017260917636696356,0.03379372579825891,0.016111034982178123,0.03327260900389504,8.066763266625275e-06
307,0.017335448655408883,0.033746513462549935,0.01614993054870223,0.033301639778388514,7.483234935524795e-06
308,0.017155697654160508,0.03365998594342051,0.016019956802237858,0.033309419543759246,6.92129149362774e-06
309,0.017150709411797905,0.03379401214219428,0.01596684107689219,0.03319258857015017,6.380982955979187e-06
310,0.01709898628004882,0.033775347672604226,0.015939185751562727,0.03321434560458402,5.862357412037662e-06
311,0.01702918724430414,0.033662732821461316,0.015894243995982604,0.03318388184180131,5.365461021395091e-06
312,0.016890372535760825,0.03373213806063742,0.015772268563980906,0.03320119404108138,4.890338009668311e-06
313,0.01693803414026715,0.033647573638606716,0.015786100315705886,0.03325072925638508,4.437030664562992e-06
314,0.01690098773080305,0.033632333737772864,0.015774719968559704,0.03319812669745974,4.005579332109622e-06
315,0.016842699109178016,0.03358354399333129,0.015695329738562774,0.033129287078171164,3.596022413072882e-06
316,0.01695151407729241,0.033656873312350864,0.015800887179845183,0.033152836893458625,3.2083963595335686e-06
317,0.01680786931090014,0.033604386489133574,0.015634678870854245,0.03313894184255922,2.8427356716443335e-06
318,0.016797695710232586,0.03358323019299958,0.01561883574212238,0.03314559416392365,2.4990728945590545e-06
319,0.016720080817915543,0.03357500138919096,0.015592214521807181,0.03311752712203039,2.1774386155361516e-06
320,0.016690301489006305,0.03357508476521518,0.015524971310492613,0.03309824791913097,1.8778614612162387e-06
321,0.016676300057816014,0.03355271043004216,0.015527878942472177,0.03307560851445069,1.6003680950742714e-06
322,0.01663183639605392,0.03357029990167231,0.015482836213470534,0.03310341329590694,1.3449832150462792e-06
323,0.016662519108754315,0.03359425103140844,0.015460522953535281,0.03308925231969034,1.1117295513313464e-06
324,0.01659090673701119,0.03366360817406629,0.015452611866101423,0.03320100282293719,9.006278643683688e-07
325,0.016590023992472325,0.03354262054167889,0.015464543650952844,0.03307644550663394,7.116969429883928e-07
326,0.01653056485299557,0.03352913578619828,0.015397568072430118,0.03308042558665211,5.449536027423147e-07
327,0.0166345257991335,0.03354347293844094,0.015495314451395722,0.03307921607550737,4.0041268440421626e-07
328,0.01654654961158012,0.033617071555675684,0.01540890076750042,0.033152831194771304,2.7808705265056056e-07
329,0.01651358574757535,0.03357215105883173,0.015356686094958128,0.03311337463154986,1.779875949149966e-07
330,0.016500384255442875,0.03353951463626849,0.015381228421848704,0.03307591100802293,1.0012322041960668e-07
331,0.016514089939876277,0.033542415932626336,0.015382546164638822,0.03307552151381969,4.450085938170753e-08
332,0.016509488048907835,0.03356164163230239,0.015367706098920896,0.03309369123465306,1.112546239726008e-08
333,0.016567601377212384,0.03359229086420021,0.015435100063831758,0.03312122945648593,0.0
334,0.016494119599740415,0.033586275758775506,0.015372648017370141,0.03311092863614495,1.1125462397260089e-08
335,0.016505213082551727,0.03355847159148873,0.015329898000764527,0.03308581869948555,4.4500859381707557e-08
336,0.016554741964687997,0.033543975429760446,0.015365856733609299,0.0330833088807963,1.00123220419579e-07
337,0.01650558687271032,0.03353707878976255,0.015363517698193694,0.033076145892610424,1.7798759491499673e-07
338,0.0165365646269723,0.03354155397092974,0.015359124603132483,0.033080805042708245,2.7808705265053303e-07
339,0.016553041122088677,0.0335613018153487,0.015396141475727942,0.033097367401461346,4.0041268440421663e-07
340,0.016547400822537646,0.03356083859060262,0.015400748236029767,0.033099009126827526,5.449536027423152e-07
341,0.01654433283325635,0.03357675293007412,0.015405481417561505,0.0331114568118308,7.116969429883935e-07
342,0.01653465469530471,0.03356471324490534,0.015337846708446455,0.033088188245892526,9.006278643683695e-07
343,0.01657710775407657,0.03354211538224607,0.015434936533598032,0.03308342704297723,1.1117295513313472e-06
344,0.01655109711134388,0.03357467209366528,0.01544296237659746,0.03310451112888955,1.3449832150462802e-06
345,0.01663043319950177,0.033606419027657125,0.015443611801593008,0.033125592093612696,1.6003680950742725e-06
346,0.016657778772484377,0.03357512713284106,0.015513575484800991,0.033112078925242296,1.87786146121624e-06
347,0.016628671192605183,0.033569085809427336,0.015457760588214116,0.033086637326994454,2.1774386155361533e-06
348,0.016651666339758547,0.03358714806066977,0.015502216071855713,0.03315227164610012,2.4990728945590287e-06
349,0.01669025320770673,0.033587077068718704,0.01554070627888854,0.03310303709192856,2.842735671644336e-06
350,0.016689309345347354,0.03358084557426942,0.015510150004399944,0.03316937138301295,3.2083963595335436e-06
351,0.016751220096760715,0.03358868716939076,0.015577622178956266,0.03313069092864926,3.596022413072885e-06
352,0.016658516466660486,0.03362667342094151,0.015525433258108809,0.033090715090165264,4.005579332109598e-06
353,0.016772415558673485,0.033640740892371616,0.015594351829356744,0.03314732256773356,4.437030664562967e-06
354,0.01678767946375366,0.03359968021914766,0.015639675016051978,0.03311236344680593,4.890338009668342e-06
355,0.01680792263224578,0.03363276693869281,0.015681248185029986,0.03311370057431427,5.365461021395066e-06
356,0.016855540090095746,0.033565931706815155,0.015673070035932046,0.033205103562087626,5.862357412037692e-06
357,0.016839296255804128,0.03363290652632713,0.015702963179252655,0.03322814403957612,6.380982955979162e-06
358,0.016889982419749882,0.033640436465675765,0.015779084505445382,0.03319640928829039,6.921291493627771e-06
359,0.01691544348295356,0.03364774381389489,0.015785867199945243,0.03318063281476498,7.483234935524799e-06
360,0.016965715736579758,0.03370240990173172,0.015796471304919808,0.033258157877905946,8.066763266625278e-06
361,0.017052033114391817,0.033643260124970126,0.015870287576457934,0.03327759096549975,8.67182455074913e-06
362,0.017061055613763903,0.03367606766924665,0.01586798552223508,0.03326206982538507,9.298364935203912e-06
363,0.017019679460624472,0.033676682573717996,0.01591403295434368,0.03320362925328113,9.946328655577619e-06
364,0.017137623056876626,0.03377105560455773,0.015967423680833686,0.03326022946149916,1.061565804070227e-05
365,0.017194583652730522,0.03372787207969137,0.016036957022403285,0.03328948326006129,1.130629351778661e-05
366,0.017272050058086637,0.03388530172004893,0.016091584963563135,0.03345289253503889,1.2018173617718337e-05
367,0.01730637233293188,0.03383514990879072,0.01616985606201236,0.03329806718471888,1.2751234980535288e-05
368,0.017239318086252675,0.03372036669705365,0.016105735047064335,0.033391251968773634,1.3505412361064362e-05
369,0.01734554473553818,0.033759577109201536,0.01618854686503447,0.033425097912549974,1.428063863472897e-05
370,0.017454876249831264,0.03371690832883925,0.016340101133288383,0.03336235814400621,1.5076844803522858e-05
371,0.01746735957338548,0.03385862699030219,0.016342808345901187,0.03345034751739051,1.5893960002151922e-05
372,0.01755582082537566,0.03386782624230192,0.016383049623493726,0.033559801147596255,1.6731911504340606e-05
373,0.01759076823217655,0.03392039357206306,0.016454278579922016,0.03356607953036154,1.7590624729305718e-05
374,0.01758190136020306,0.03407195873961255,0.016474436023835658,0.03356237217179827,1.847002324839352e-05
375,0.01766280071173514,0.0339687742091514,0.01651155619994664,0.033452460965192,1.937002879188281e-05
376,0.01764398866070295,0.03399342042771546,0.01652311947958226,0.03335287645459175,2.0290561255950987e-05
377,0.01774921714312141,0.033963935298694146,0.016702676994543728,0.03360125051962363,2.123153870980345e-05
378,0.017932350717792412,0.03415594046583047,0.016722563908018902,0.03363214671813153,2.2192877402966065e-05
379,0.017910306446518812,0.034073862926782786,0.016789416600226096,0.033613706722452834,2.3174491772738852e-05
380,0.01787359346662453,0.034235743282211795,0.016755657435006923,0.03381135985255242,2.41762944518119e-05
381,0.018030708393836376,0.03393606735846481,0.01686156180020486,0.033536825812346224,2.519819627604074e-05
382,0.018049853201419285,0.034175045586921075,0.016876217817991344,0.03359576839248876,2.6240106292382983e-05
383,0.01812194499156783,0.03444731642265578,0.01705837406436135,0.03377944473680612,2.730193176699282e-05
384,0.018215527257483433,0.034158312992469686,0.017160740015123774,0.033669746063045555,2.838357819347533e-05
385,0.018262788652479933,0.03410473194073986,0.01718279223213412,0.03369191268811355,2.9484949301297185e-05
386,0.018319355414182864,0.03409904989640455,0.01724039808616414,0.033622381332758314,3.0605947064355564e-05
387,0.0184207178014125,0.034230379136027514,0.017353308811647934,0.03376565331945548,3.174647170970296e-05
388,0.01850581280225727,0.03410678174648736,0.017392653915602106,0.03381746123368676,3.29064217264268e-05
389,0.018592275825692003,0.03447044612588109,0.017401641603888168,0.03394928484953739,3.408569387468485e-05
390,0.01875692279562497,0.0347273919630695,0.017512781598253063,0.03394817806578971,3.5284183194893455e-05
391,0.018782752568720914,0.03427639859350952,0.017672879713446246,0.033933834540280136,3.650178301706979e-05
392,0.018887927191735973,0.03408595029566739,0.01769064638527707,0.03405651395788064,3.773838497032549e-05
393,0.018798374661178313,0.03491367174161447,0.01779486842439179,0.03437773656804819,3.899387899251238e-05
394,0.019022216716505974,0.03459464193800011,0.017865281070326946,0.03413695771549199,4.0268153340018087e-05
395,0.019124563045141908,0.03421194173798368,0.01796317856576501,0.03392010880885898,4.156109459771205e-05
396,0.019300961589901897,0.034805112724771374,0.018153553846472742,0.03398388316099708,4.2872587689039494e-05
397,0.019227608149932008,0.03500556556155553,0.01823144903917745,0.0339990377526831,4.42025158862636e-05
398,0.01941768225772224,0.03477769505131889,0.01832725348097635,0.03440963872582526,4.5550760820855585e-05
399,0.019445335463890646,0.034692725418387235,0.01846703827191652,0.034217971170673496,4.691720249402848e-05
400,0.019617007575185537,0.03564016865314664,0.01842838418607434,0.034540923916407534,4.830171928741892e-05
401,0.019613354596454156,0.035021891444921495,0.018603614448335543,0.034067061956267096,4.970418797391058e-05
402,0.019671541312441317,0.035020571735662386,0.018805993551963978,0.03528504873047004,5.112448372860248e-05
403,0.019815817117805445,0.03465058530706006,0.018854689604697494,0.03452171722578036,5.2562480139918434e-05
404,0.0200794454638966,0.034998247440199595,0.01905613576264019,0.03414540654300032,5.401804922085853e-05
405,0.01999930704938473,0.035118329263216744,0.01915774949881715,0.03450590724477897,5.5491061420390036e-05
406,0.020363695283139735,0.035356966627610696,0.01924122427545502,0.03436100858490209,5.698138563497839e-05
407,0.02028606934186908,0.03491521184710232,0.019271375341501782,0.034847596015881846,5.8488889220255466e-05
408,0.020492521423896536,0.03547825412573041,0.019392104388613274,0.03524514654198208,6.001343800282555e-05
409,0.020674273238522705,0.03534858354644196,0.019454296598757928,0.034648857950358776,6.155489629220764e-05
410,0.02062366042293308,0.03528650651711064,0.01985929036269862,0.034717323328997636,6.31131268929115e-05
411,0.020789270737027882,0.03617063040870267,0.019804195264951394,0.036318073149871184,6.468799111664996e-05
412,0.02089171214458209,0.035360541466522864,0.020012732888366348,0.03503514362146726,6.62793487946809e-05
413,0.021186973561752667,0.03558574280626065,0.0202173922548782,0.035105217630798755,6.788705829028474e-05
414,0.02126295225437366,0.03568897897730003,0.020127078510227395,0.03491510869683446,6.951097651136873e-05
415,0.021490228357018755,0.034982232225907815,0.02054129446536703,0.0355259673720276,7.115095892320445e-05
416,0.021483704528186806,0.03537174188406081,0.020583608547929896,0.035805637540446744,7.280685956129041e-05
417,0.02151272886016204,0.03588295978670185,0.020728415487809626,0.03444593337339324,7.44785310443443e-05
418,0.02151129781152345,0.0354552294152814,0.020976311418150987,0.03563572583166329,7.616582458742047e-05
419,0.02204262513324132,0.03573808549223719,0.020949817194662372,0.03533826168324496,7.786859001515187e-05
420,0.02212108567450017,0.036430489875980326,0.021061052439552006,0.03484870836742827,7.958667577511671e-05
421,0.02232957055037859,0.03586488576555574,0.021347874450191654,0.035688466498175184,8.131992895132675e-05
422,0.02235163975106606,0.035802400978030384,0.02139742820990234,0.03624909343953068,8.306819527783779e-05
423,0.022565272992437494,0.03782705286064664,0.021674010226942757,0.0354319399977858,8.483131915247948e-05
424,0.022792339613643294,0.036144322036085905,0.02165287199846671,0.036140846078460284,8.660914365070506e-05
425,0.02307095562577991,0.037087892207342224,0.021966219742044147,0.03621247236591739,8.84015105395575e-05
426,0.02309185327093283,0.03682429982802352,0.022236915857615145,0.03559428055745524,9.020826029175369e-05
427,0.023360625313391156,0.03888725403796982,0.022224320406219324,0.03710590394566188,9.202923209988184e-05
428,0.023552124265173804,0.036657712165568325,0.022412705344224845,0.035427918083764415,9.386426389071509e-05
429,0.02341871066447955,0.03753224573022611,0.0225961427964027,0.03622041521845637,9.571319233963612e-05
430,0.023753937557268165,0.03706888508152317,0.022651447568646493,0.03668429135672144,9.757585288517313e-05
431,0.02394607231993364,0.03729225466581615,0.023057305883265846,0.0363946102458883,9.94520797436476e-05
432,0.02383624492374011,0.03704366296328403,0.023065371567565742,0.037084286438452234,0.00010134170592392811
433,0.024554884876348007,0.03702761834940395,0.023662328586919006,0.03725787827090637,0.00010324456324229523
434,0.02439820090748527,0.0363491003074356,0.0235506278264288,0.0370792390728319,0.00010516048233740808
435,0.024568716995418072,0.03711697924378756,0.02366941889315386,0.03848639324911543,0.00010708929268538026
436,0.02477652007881945,0.037204457195223986,0.023962956781708233,0.037984779708691546,0.00010903082261495543
437,0.024835929140491472,0.03835360218544264,0.024085285259149755,0.03676248718355153,0.00011098489932278794
438,0.02514722405605719,0.03624966317737425,0.02420669127498787,0.038831001741660605,0.0001129513488888225
439,0.025154123436695326,0.03872867301106453,0.024467480892669445,0.038387715645335815,0.00011492999629177316
440,0.02572293455878741,0.03901442899494558,0.02481054554151768,0.03794971820269082,0.00011692066542470186
441,0.025722541429831748,0.03904961852004399,0.024875582862581035,0.037587049402095174,0.00011892317911069187
442,0.02591556407182322,0.03853112033291443,0.024857788191189462,0.036899553078251913,0.00012093735911861773
443,0.02620168087285391,0.03759264577482198,0.025050606312240955,0.039235871506703865,0.00012296302617900755
444,0.026625198333554555,0.038390581642051,0.025531411415856197,0.041086227013855364,0.0001249999999999998
445,0.026490171897562934,0.0398640905481738,0.025721569752924844,0.042986715645403475,0.00012704809928338934
446,0.026917826098295183,0.03994858467296974,0.026252294322136153,0.03871491889695863,0.0001291071417407638
447,0.02696904126061359,0.03929169047120455,0.026016095696077924,0.03969077029945077,0.00013117694410972735
448,0.02692634561376185,0.037649274617433545,0.02646852509009575,0.038202069488328855,0.000133257322170213
449,0.02726643481926417,0.03894230044774107,0.026443673594499045,0.03784306806487006,0.00013534809076087723
450,0.027406917441629174,0.038353653302466546,0.026636367813896767,0.04006783708527281,0.00013744906379558152
451,0.02779957353031967,0.040516487790926085,0.027177890505277035,0.0404905474568541,0.0001395600542799542
452,0.027782840384331296,0.042018290840693424,0.02752054857551308,0.038745433686150084,0.0001416808743280328
453,0.027950079432347227,0.03994535489662274,0.027322786463328034,0.03949389018722483,0.00014381133517898793
454,0.027990730488297463,0.03891004118564967,0.027611460744076177,0.03808688710670213,0.00014595124721392287
455,0.028476319910382814,0.04179498925805092,0.027906781757847474,0.04017877960325898,0.0001481004199727509
456,0.028735175955818964,0.03930241579340922,0.02787697722602657,0.04054059849397556,0.00015025866217114578
457,0.02916987420322513,0.03868081930118638,0.028903238661229725,0.03837576661560987,0.00015242578171756845
458,0.029013583577826133,0.03933066340113008,0.0287067905558191,0.04057701391142768,0.00015460158573036263
459,0.02909721957158562,0.040719771012663844,0.028815363315711665,0.04189133476969358,0.00015678588055492273
460,0.029841405532596323,0.03956382647156716,0.028985094273688124,0.04000394200352398,0.00015897847178092907
461,0.02954386114795297,0.04026639434332783,0.029437274092919196,0.0397980128188391,0.00016117916425965154
462,0.029891358379224554,0.042409371826294305,0.029593586986044317,0.04419618391910115,0.000163387762121319
463,0.03040251975267725,0.04090560111846473,0.029619967026882688,0.04170085419271443,0.00016560406879255173
464,0.030591286963742092,0.04118072196237139,0.02951541657768719,0.040708673262112846,0.00016782788701385771
465,0.03021878945764562,0.041297635707903554,0.03017594499938948,0.04247315155493247,0.00017005901885718854
466,0.031152855000689254,0.041504029124169735,0.03038494973738397,0.03979380409661177,0.00017229726574355704
467,0.031530364071539176,0.04161387223851036,0.03038552414175416,0.04112127956909102,0.00017454242846071057
468,0.03155710918903923,0.04220838935391323,0.030569282784028384,0.04942829262565922,0.00017679430718086235
469,0.031289807256246825,0.04184538498520851,0.030987937952572348,0.04031068359476489,0.00017905270147847567
470,0.03155321202593035,0.04119800027157809,0.03101102442028369,0.039986181792777936,0.00018131741034810411
471,0.03179508803909262,0.04145134609897395,0.03100976748874629,0.041660867832802435,0.00018358823222228087
472,0.032025266308230195,0.042282987023527556,0.03143119038710095,0.0441497326904052,0.00018586496498945864
473,0.03199870647923331,0.04449819310291393,0.03173331765282806,0.04330836874810425,0.00018814740601199944
474,0.03272374787666404,0.04783942328917014,0.03230300208020977,0.04099176293490706,0.00019043535214420854
475,0.03315187277068561,0.044067436919824496,0.032372384135488014,0.04366054700033085,0.00019272859975041744
476,0.03309609137132278,0.04626783682285129,0.032901685708157734,0.043872027582413445,0.00019502694472310546
477,0.033006557283097177,0.04242256452908387,0.03272326363003929,0.04777884882044148,0.00019733018250106847
478,0.033526768559329,0.04454735948427303,0.03249990715575538,0.04420823342091328,0.00019963810808762368
479,0.03411834980155593,0.04730423211648657,0.03271710067708582,0.040078336654885395,0.00020195051606885668
480,0.03420268327905841,0.04540882436810313,0.03290407736419258,0.048422297835350035,0.00020426720063190315
481,0.03441165235508484,0.04800437890194558,0.033833891210537724,0.04354539018225025,0.00020658795558326743
482,0.034286005940867476,0.044323326747965165,0.033736797029978366,0.04762466833800883,0.00020891257436717338
483,0.03449304971929761,0.0418334307904179,0.03436043220366603,0.04405111980599326,0.0002112408500839504
484,0.035198279946055726,0.0565205870246565,0.03438370853784045,0.04870416457588608,0.00021357257550844714
485,0.03515043280546816,0.04652979450451361,0.034570633886013745,0.04554007582970568,0.00021590754310847496
486,0.03558528047383919,0.04278602730986234,0.03481546109238364,0.04862122147067173,0.00021824554506328018
487,0.03495439021506717,0.04868727489500432,0.035783838605840695,0.04695543799851392,0.00022058637328204012
488,0.03665205852026674,0.04331629288357657,0.035565957813139384,0.047745407171346045,0.00022292981942238446
489,0.03607453194924142,0.04453076559144097,0.03550773207992029,0.048713732772582286,0.00022527567490893743
490,0.03621106643601537,0.05074835051153157,0.0357531871496487,0.0479378631791553,0.00022762373095188337
491,0.036830113542886476,0.04541786139881289,0.03596022562615416,0.04365507954278508,0.0002299737785655482
492,0.036586323835227405,0.05043354423062221,0.03621731980054884,0.04563135289259859,0.00023232560858700126
493,0.03736726472765608,0.04266942068934441,0.03631729605802533,0.04399247725267668,0.00023467901169467098
494,0.0371768081403425,0.04963780309300165,0.03690192682557737,0.046080212798473,0.00023703377842697473
495,0.03793425350172906,0.045439270823388486,0.036850062588626616,0.043548640890701394,0.00023938969920096287
496,0.03777349536484125,0.050104129294285905,0.03706697607323556,0.04659996580433201,0.00024174656433097145
497,0.03747123587990962,0.044646400797206005,0.03718969424482213,0.04820484690166808,0.00024410416404728577
498,0.038702407837514684,0.04514025753817043,0.037121682729922424,0.04571939904142071,0.0002464622885148094
499,0.0380596384359613,0.04733076268756712,0.03775716608393787,0.0483533566867983,0.00024882072785174184
500,0.03819531532122455,0.05827638762625488,0.03788111281658088,0.04637706678461384,0.0002511792721482578
501,0.03796240794803096,0.04977769074407784,0.03799824904285786,0.04538947019625354,0.00025353771148519045
502,0.03892286292557925,0.047411649150622855,0.038726363061156815,0.04805929856123151,0.0002558958359527143
503,0.03939446686604373,0.045271522571911686,0.03912317761060945,0.04292936816408827,0.0002582534356690283
504,0.03913828679995036,0.045476581297210744,0.03910133749561209,0.04656121970431225,0.000260610300799037
505,0.03947539440930004,0.04748601575155516,0.03935474703256434,0.046289548660452304,0.00026296622157302507
506,0.03952574844681256,0.05000814545798946,0.04024269680480067,0.04741424654383917,0.000265320988305329
507,0.0402163822693668,0.04597750988763732,0.03963720720196983,0.04846325299224338,0.0002676743914129985
508,0.04031407644332256,0.048642974266329325,0.03996292590708856,0.044822692971777274,0.00027002622143445154
509,0.04038550338445092,0.046826748207614226,0.04037922326182221,0.04662417942607725,0.00027237626904811637
510,0.04033389339141276,0.05028273672670931,0.03948300874715174,0.04814355856663472,0.00027472432509106237
511,0.04079253135531454,0.047859827187415716,0.04002391621148689,0.04838082729964643,0.0002770701805776153
512,0.04060970769297768,0.050513189648454256,0.04046351953468602,0.05214767339261803,0.0002794136267179594
513,0.041673471407532234,0.054530858590796184,0.039823117735661606,0.04888869284375294,0.0002817544549367196
514,0.0410612006984551,0.05266676833097999,0.04035748935156214,0.0488396975035603,0.00028409245689152483
515,0.041369813353166474,0.04918991198410859,0.04127759435133662,0.05867503663978061,0.0002864274244915528
516,0.04224766373648639,0.04846685639507062,0.04198305176538835,0.04620024906219663,0.0002887591499160491
517,0.042358247186066206,0.04577870918689547,0.042046826474025356,0.045709300363385996,0.0002910874256328264
518,0.041904992940558584,0.04839812680273443,0.041650339256750414,0.04842833741693883,0.00029341204441673234
519,0.043014551391342436,0.049631450929351756,0.04106104246299578,0.050987664610147476,0.00029573279936809656
520,0.04226330856143742,0.049086188041680565,0.04147470903523881,0.048307862112651,0.00029804948393114303
521,0.04249995944917831,0.047877802075566474,0.04302493133001215,0.04917293813180279,0.00030036189191237606
522,0.042511544395917436,0.047455544709353835,0.041545228020872585,0.049235690787837315,0.00030266981749893127
523,0.04222662239058404,0.04764506450375995,0.04278072788632133,0.05648081528173911,0.00030497305527689433
524,0.04426435799286084,0.05019320384473414,0.0430143341607988,0.05029065911028836,0.0003072714002495823
525,0.04359754029797272,0.05899715421570314,0.04191414406612487,0.04732710219718315,0.000309564647855791
526,0.04325185283739656,0.053078179685650644,0.04244622122138853,0.05223090404997001,0.00031185259398800055
527,0.043957642186611835,0.05258851369490494,0.043190616662050964,0.05075193530804402,0.00031413503501054107
528,0.04411162673933664,0.05494193227307217,0.04379496865167556,0.06072307160577259,0.00031641176777771906
529,0.04367874478724662,0.04886346298295098,0.04358781063696816,0.04800400057354489,0.0003186825896518954
530,0.04411004796702837,0.05958855315237432,0.04381219530031228,0.050253282829716396,0.000320947298521524
531,0.044813272055245636,0.05234874446649809,0.04336078198994876,0.05264595533544953,0.0003232056928191373
532,0.04597684037254948,0.051764757810412225,0.04400284961581001,0.05442047368835758,0.00032545757153928907
533,0.04550652410799276,0.06307224208438719,0.0446847244264154,0.052171395839871584,0.00032770273425644246
534,0.04532340733824215,0.051215645711164215,0.04400431514751602,0.05570786794697916,0.00032994098114281107
535,0.04632704214312694,0.061538046960895126,0.0436772363861011,0.05149138545667803,0.00033217211298614213
536,0.0462378690737852,0.05159444869370074,0.04418915477286373,0.05511147408066569,0.00033439593120744793
537,0.04628307014639398,0.0552674273179995,0.04472554938942766,0.05017067989384806,0.0003366122378786807
538,0.045397018346999864,0.06745865657120137,0.045280466292360926,0.05330934901092504,0.0003388208357403481
539,0.04609874880831553,0.055115382393469685,0.04600562212985159,0.04835629437018085,0.0003410215282190708
540,0.04559790597238261,0.052750289097831055,0.04631725790232935,0.05342055712197278,0.00034321411944507693
541,0.046574864874374046,0.05055726567232931,0.045442523173773355,0.05785934463948817,0.0003453984142696369
542,0.04559728890056802,0.06546163109911454,0.04524667858147918,0.05053222902320527,0.00034757421828243105
543,0.047088686582380315,0.053099260881945894,0.046068528967403634,0.05332147855613683,0.00034974133782885396
544,0.047038622198701474,0.05579846195272497,0.04688617385988215,0.051881127099733096,0.00035189958002724913
545,0.047624480626376024,0.049387264996767044,0.04678309341131096,0.05249871887468003,0.0003540487527860769
546,0.048131364767731034,0.06035410781969895,0.04687854870188545,0.050176019261817674,0.0003561886648210119
547,0.046727653453394684,0.0564931151029226,0.04631132339332932,0.05587884683061291,0.00035831912567196704
548,0.04733364485676138,0.05830305168354834,0.04734344278496195,0.05476778099263037,0.00036043994572004584
549,0.048624405397849436,0.05346992239356041,0.04698901459031279,0.05331191124545561,0.0003625509362044183
550,0.04821259649774335,0.05330519867507187,0.04731904457532399,0.06990860976480148,0.00036465190923912265
551,0.04832506625271347,0.05120420759996852,0.04736738808939301,0.06064710174057935,0.00036674267782978685
552,0.04738983762899195,0.053719685065585214,0.04740826689393301,0.05147293890650208,0.00036882305589027245
553,0.048919185847687514,0.05528212938759778,0.04746376989577359,0.05110019244052268,0.000370892858259236
554,0.048427551294786,0.053543812701025525,0.04804862196594763,0.05009903758764267,0.0003729519007166103
555,0.04923918097675018,0.051997703817245125,0.04820909407597586,0.053213318860208664,0.00037499999999999995
556,0.0474188670644719,0.05227796332658948,0.04866315845593152,0.05481820928083884,0.0003770369738209922
557,0.04866298885869431,0.060751724484804516,0.04753750888362613,0.05554360650681161,0.00037906264088138225
558,0.04860754211874761,0.0517278865181111,0.04830642787099686,0.049842042777989364,0.00038107682088930775
559,0.049448652175074576,0.06658053033657976,0.048142148074542035,0.06336949745545516,0.00038307933457529795
560,0.04907646332643997,0.05234339706398345,0.04919139344974523,0.05365743302815669,0.00038507000370822665
561,0.04821084913102313,0.05397192948573344,0.048943542787758726,0.05545800016135783,0.00038704865111117753
562,0.048962340695558264,0.051902499815096724,0.047789098172950885,0.05259087180366387,0.00038901510067721194
563,0.049975995607173605,0.062230258797471585,0.04942574378481982,0.057159416256724174,0.00039096917738504444
564,0.048398353366785454,0.054269221425056455,0.048828292221560245,0.053023472287364905,0.0003929107073146196
565,0.04958364584495719,0.05161912145244109,0.04906641649021526,0.05766097691816253,0.00039483951766259174
566,0.04986769115398575,0.05176869866413039,0.04973347590531932,0.06446905772428255,0.00039675543675770465
567,0.04926777659645465,0.056364826555993106,0.049595133975262606,0.057511855098041326,0.0003986582940760715
568,0.04866341129302864,0.05471858158707619,0.04896453429092144,0.055830489320529475,0.00040054792025635236
569,0.04946246824000253,0.05324250721448177,0.05011382668624112,0.055622568907769954,0.0004024241471148266
570,0.04906482462218879,0.057443658504131676,0.05025403878710549,0.06380683548144392,0.00040428680766036373
571,0.04972442013216911,0.05102855887364697,0.05031696675191571,0.054202676302677874,0.00040613573610928444
572,0.04962330572521618,0.05740131848567241,0.05098564454109449,0.057944536813207576,0.0004079707679001179
573,0.049970074494203084,0.05741681363937017,0.04998251536571476,0.05935521405693647,0.00040979173970824605
574,0.049836561173172006,0.0636527498428886,0.050558078646187936,0.05614917966965083,0.00041159848946044223
575,0.050890270454340726,0.06012179084323548,0.050899805844316325,0.07143901493903752,0.0004133908563492947
576,0.05071126518417114,0.052606212589386345,0.05075718772073854,0.06691988903928447,0.00041516868084752023
577,0.050361519593623914,0.0627333169450631,0.04970446389862077,0.05333846138941275,0.00041693180472216217
578,0.04980004100475796,0.051837577409035454,0.05026345489450128,0.05389942583200094,0.0004186800710486731
579,0.0513138841344276,0.0535515406445877,0.051038402391887214,0.05205119153535044,0.0004204133242248832
580,0.05141441831490357,0.07088997267388009,0.04979107627777415,0.06899196745173351,0.000422131409984848
581,0.05128174456061649,0.05231427135499748,0.050262610898165465,0.052259440881174964,0.0004238341754125796
582,0.050583616521159426,0.05165113214705441,0.049914991790553885,0.05339044237861762,0.00042552146895565566
583,0.05092792096413715,0.052552619858368024,0.05176799148035141,0.05292994718293886,0.00042719314043870957
584,0.05144607095895139,0.05406071340312829,0.051352831333046224,0.057547602581011284,0.0004288490410767955
585,0.05043673552143711,0.05642639463012283,0.050857582982207675,0.062172263900975924,0.00043048902348863117
586,0.051155317120697354,0.06076449304819107,0.050912889503586085,0.07178615120214385,0.00043211294170971527
587,0.05134951294490964,0.06018414968574369,0.05181697199403553,0.06183117487140604,0.0004337206512053191
588,0.05216896416522891,0.058882608727828877,0.05270606324777379,0.05842580249583399,0.00043531200888335015
589,0.05092290126416482,0.0635639353378399,0.051938795080612235,0.059096048087687106,0.00043688687310708836
590,0.05244116819572712,0.05607312325690244,0.050973327312039324,0.05341905824638702,0.0004384451037077925
591,0.05107565445829033,0.05331632986262038,0.05096492047587878,0.06101790735044995,0.00043998656199717445
592,0.05096630303764755,0.07349725987862896,0.05157626581140535,0.06147824912457853,0.0004415111107797446
593,0.052395701658645655,0.059337777624259125,0.05180766458145831,0.05287799353937845,0.0004430186143650215
594,0.0525869303552752,0.0731651410057738,0.05143924972718142,0.05889596584680918,0.00044450893857960995
595,0.053010780714638175,0.07064872390112362,0.05208958321449395,0.06053394379245269,0.0004459819507791415
596,0.052111659674492314,0.05805711113923305,0.052423549272591914,0.054403132703658694,0.0004474375198600815
597,0.05135235972988514,0.06134990419487695,0.05113800354444935,0.05933305230495092,0.0004488755162713974
598,0.052846798934256964,0.0634620436542743,0.051931806073136154,0.05597678185314745,0.0004502958120260894
599,0.053233409958271284,0.06105482501758112,0.05204408962258107,0.05606475836924604,0.0004516982807125812
600,0.051994137576783,0.059404450453616475,0.05235342163013405,0.06901002536351616,0.00045308279750597147
601,0.052429711810829775,0.0630607386497227,0.052163718271850394,0.05645051099158622,0.00045444923917914453
602,0.05296160994301373,0.0552335957417617,0.05164532300134881,0.05498406381623165,0.0004557974841137363
603,0.053729808294069516,0.05416086008017128,0.0526110226585174,0.055643475881299455,0.00045712741231096064
604,0.05326397035578391,0.06474318258665704,0.05259794313210329,0.05613962762259148,0.000458438905402288
605,0.053257167332174685,0.05447286669466946,0.05058831583186555,0.055549572327652494,0.0004597318466599819
606,0.05230294124736324,0.05757926601815868,0.05188702970685977,0.05145371377065375,0.00046100612100748764
607,0.05316443804601447,0.05335343276729455,0.05181275861920528,0.05867326315995809,0.0004622616150296746
608,0.05253492975017617,0.06063825266586768,0.05213070513533997,0.0606044921319227,0.0004634982169829303
609,0.05230820848608314,0.05607997094457214,0.051039598081368175,0.060293445736169814,0.0004647158168051066
610,0.05269288220898661,0.05692868685802898,0.05082277114183111,0.06878524168923095,0.0004659143061253153
611,0.05314501159021813,0.05939607877989073,0.05243859439730759,0.056416080791402506,0.0004670935782735733
612,0.05226583153567136,0.05707255571677878,0.05192480229141616,0.05561400273361722,0.0004682535282902973
613,0.05354011990487461,0.06127215641978625,0.05260639808957614,0.06471902359579061,0.00046939405293564457
614,0.05451293544210994,0.05656919721010569,0.051755739769213716,0.055427633910565766,0.0004705150506987031
615,0.0534732098692953,0.05156261645056106,0.05332584406343966,0.05933898157767347,0.00047161642180652494
616,0.052431804465841426,0.07733352999832178,0.052828143627852944,0.07145645298265121,0.00047269806823300737
617,0.0534319029674077,0.06085745128425392,0.0535211004853077,0.052765987008004576,0.0004737598937076172
618,0.054227459163989536,0.058204563989027125,0.05204860868572388,0.05445907991882917,0.00047480180372395947
619,0.05520215479303116,0.05344825926664713,0.052937282453114146,0.05760786422603839,0.00047582370554818834
620,0.05430847381361387,0.05855925038859651,0.05249101263175999,0.05849234328882114,0.0004768255082272614
621,0.05304499693758314,0.05740421323760136,0.051939587357262736,0.058562301461761064,0.00047780712259703416
622,0.052888576856558706,0.056075940281152724,0.05247811093611818,0.058242271457974976,0.0004787684612901967
623,0.051932505011958945,0.05722572833702371,0.052854065370393805,0.05638729648010151,0.00047970943874404927
624,0.05344710880157586,0.05236368670656874,0.0532214781930831,0.05434663571618699,0.0004806299712081174
625,0.05302992665106985,0.057587589404067475,0.05262475697799173,0.05554346591234207,0.00048152997675160675
626,0.052319296465868456,0.060322233370027026,0.05272020747431066,0.0555806586871276,0.0004824093752706945
627,0.05419797870382352,0.05511654991958592,0.051445820813930655,0.05603313852806349,0.00048326808849565966
628,0.052410985462925254,0.062079995931000324,0.052456525227702056,0.0663216503890785,0.0004841060399978484
629,0.05229140811326293,0.06424967791583087,0.05297219668177176,0.06031032210669002,0.0004849231551964775
630,0.05271170949724265,0.05538942360797444,0.05351216932705062,0.07064386872020928,0.00048571936136527144
631,0.052342465172402,0.0787976226089774,0.05228442829924559,0.05541017689817661,0.0004864945876389359
632,0.05288087665648584,0.05689014883057491,0.052210704175015325,0.09278433008773906,0.00048724876501946506
633,0.05286043986763927,0.05956929134758743,0.0536745447136333,0.06059331501255164,0.00048798182638228196
634,0.053147572527090785,0.06345045820281313,0.05276715751887512,0.056421702818290606,0.0004886937064822137
635,0.052777169089971716,0.05924419949989061,0.0535500103933111,0.06202049176837947,0.000489384341959298
636,0.05506512495883939,0.05193303926168261,0.05422566143077246,0.060186400465868616,0.0004900536713444227
637,0.0536565467279097,0.05980076745555207,0.05357371535216549,0.06034145057201386,0.0004907016350647964
638,0.054390181685420695,0.051247940152078064,0.05352897411873725,0.05800248026042371,0.0004913281754492511
639,0.05306013861596012,0.05269357640598271,0.05414760581462603,0.07429347980666805,0.0004919332367333749
640,0.05357499991949369,0.0838749074049898,0.05315685983668591,0.05321408304813746,0.0004925167650644754
641,0.054572749825734325,0.07190916357008187,0.052808954911360124,0.060361976478550884,0.0004930787085063725
642,0.05456038300956165,0.06258504066515613,0.05380903379973775,0.06555736803927938,0.0004936190170440211
643,0.05367185849331734,0.06395390786834665,0.0530979582778895,0.05713855044261829,0.0004941376425879626
644,0.0520921533358875,0.06635044899743957,0.053889230801768585,0.05922189501894487,0.0004946345389786052
645,0.052916732865194445,0.06344651404667545,0.05361837464350771,0.058628225125171046,0.000495109661990332
646,0.05303336833666245,0.059962317488483484,0.05222231698099116,0.09357287199110598,0.0004955629693354374
647,0.05205728903398518,0.06560861740160633,0.053118874510167426,0.07751566300521026,0.0004959944206678907
648,0.05356849514791696,0.05873102283961064,0.05380856770228402,0.058781940510144105,0.0004964039775869276
649,0.053374152065696276,0.06251339902346198,0.05330086855178488,0.06197183724190738,0.0004967916036404669
650,0.052533175746218484,0.05611956439710952,0.05249412789683424,0.056404621113796495,0.0004971572643283562
651,0.05374981406825861,0.06463511805679346,0.05289454129301083,0.05815875959154722,0.0004975009271054415
652,0.05335541849244465,0.060775504724399465,0.05215644471047021,0.0720445043130501,0.0004978225613844643
653,0.052209201631727924,0.051872603232796126,0.05169557065000461,0.06077723315841443,0.0004981221385387843
654,0.05264905048981166,0.0622460238434173,0.05108671322207533,0.05770464789223027,0.0004983996319049263
655,0.05281355612394677,0.06477936806308257,0.05214573164790468,0.05374370259610382,0.0004986550167849543
656,0.05289277057172355,0.0655808351329855,0.05313697057613485,0.05421697287946134,0.0004988882704486692
657,0.05318640337295244,0.052873162643329516,0.05269287034668987,0.05836825757413297,0.0004990993721356321
658,0.052968857262905636,0.05471136064545528,0.05224288917984992,0.060030633533323136,0.0004992883030570121
659,0.05254563453272986,0.05668162923004176,0.05202600410683599,0.0694996915354922,0.0004994550463972581
660,0.05297091916460909,0.06584676204098237,0.052268652159599104,0.059410476402656454,0.0004995995873155962
661,0.052223662232654795,0.05874604047150225,0.05299084326484725,0.05588307185350238,0.0004997219129473499
662,0.052144893114374605,0.06269907508347486,0.05288230555557472,0.061709673843673755,0.0004998220124050854
663,0.05269603885266923,0.06319833657628782,0.052274484780836926,0.056205823634927335,0.0004998998767795808
664,0.05297058125360799,0.05575366608194403,0.05181885894295007,0.05088641764344396,0.0004999554991406189
665,0.052753638229449056,0.06007869453043551,0.05269357863448975,0.05858871485735919,0.0004999888745376033
666,0.05204488887610682,0.05985953548067325,0.05121350896164003,0.05803509940569465,0.0005000000000000004
667,0.05175400151729927,0.05413525620022336,0.0511258227353819,0.05536239100871859,0.0004999888745376032
668,0.052187578295019674,0.052401614833522486,0.05331258391764823,0.05345697694936314,0.0004999554991406187
669,0.050831270148537895,0.05345943294264175,0.05230990458358501,0.060744237315815845,0.0004998998767795807
670,0.052006193695879485,0.0527249663866855,0.05285544030282525,0.05569260072063755,0.0004998220124050853
671,0.051820108824321955,0.05408721391010929,0.0533608793354309,0.05613388646696065,0.0004997219129473498
672,0.052598980564674123,0.059600006205004614,0.05192054442046014,0.056681081451274255,0.0004995995873155961
673,0.051585119904060055,0.05748280617030891,0.051304038481754674,0.06381835295139132,0.000499455046397258
674,0.05187570820642982,0.05530238020661715,0.05286157065412591,0.05693314069428959,0.0004992883030570119
675,0.05178542695439022,0.05502248803103292,0.0522202996075897,0.05717501843700538,0.0004990993721356318
676,0.05115335155278444,0.07003660735649031,0.05169258910211629,0.06263500450027956,0.0004988882704486688
677,0.05183076591100436,0.0677162566096396,0.05238534356404861,0.05803811614577835,0.0004986550167849538
678,0.05191344886860898,0.0676299796917954,0.05183453975520642,0.05635909903291109,0.0004983996319049259
679,0.052095879444891795,0.054346011699856936,0.050138209108084496,0.05492124781012535,0.0004981221385387839
680,0.05081068463766529,0.05589502701485479,0.050826533813737404,0.052460936879789505,0.0004978225613844641
681,0.05156474214426158,0.05597844848761688,0.051303677511135126,0.05932242783742982,0.0004975009271054411
682,0.05121913184402886,0.05766747817397118,0.05046666647359414,0.05797544925196751,0.0004971572643283559
683,0.051195630846605875,0.05319106441897315,0.05142368841737566,0.055192308591024294,0.0004967916036404666
684,0.05137897601740832,0.055895065516233446,0.05049698803423691,0.056433991000459004,0.0004964039775869273
685,0.05108542301318467,0.054619755293871905,0.051474911602296204,0.0587044218102017,0.0004959944206678906
686,0.051293953745527594,0.06453012469652537,0.050700033469672626,0.071822068518078,0.0004955629693354372
687,0.05089999745723268,0.053406940118686574,0.050155956076454525,0.08043699314868127,0.0004951096619903319
688,0.04987440330661018,0.05708956039837889,0.050611036575815845,0.05530681896048623,0.0004946345389786051
689,0.05128807456888645,0.05526829770690686,0.05147611525538959,0.06769144585406459,0.0004941376425879625
690,0.051562805275742016,0.0562663244234549,0.05045898449955769,0.06718308669892517,0.000493619017044021
691,0.049639358387226794,0.0630843833894343,0.050545954937383446,0.05401901165778573,0.0004930787085063725
692,0.05013230202394232,0.054214483620347205,0.05025945309256409,0.05195224873117498,0.0004925167650644753
693,0.050463951594998877,0.05308961874327144,0.049634620954859966,0.05530519537829064,0.0004919332367333749
694,0.04977562766515019,0.05464087221268061,0.04982814827358311,0.051409384608268736,0.000491328175449251
695,0.050269767345285,0.05520531104223148,0.04969833354732011,0.05041432130981136,0.0004907016350647963
696,0.050756408470091115,0.05713794322029964,0.04962617099185022,0.05072855107687615,0.0004900536713444225
697,0.04976151255093472,0.05039103115732605,0.04928768859128691,0.05844564238512838,0.0004893843419592978
698,0.04977538129547164,0.0583703268822786,0.049690544969918864,0.053366468444063855,0.0004886937064822136
699,0.04985642664835229,0.052426680378817224,0.04951446263509268,0.05299335665799476,0.0004879818263822818
700,0.04934470599334894,0.05188059488663802,0.04927888080913881,0.05186553410178906,0.0004872487650194649
701,0.049785935368224433,0.05498582164983492,0.049824609358628744,0.058342032637950535,0.00048649458763893574
702,0.05021765933956615,0.05441656763086448,0.04974455488649074,0.05402330842775267,0.00048571936136527116
703,0.050221701229488096,0.05691667052136885,0.05014058730910012,0.05364775494546504,0.00048492315519647726
704,0.048606466637806336,0.06272812576310055,0.04857909418785526,0.05535473463100356,0.00048410603999784823
705,0.04978244961194708,0.0549894938396441,0.04880596577920978,0.050852253992815274,0.00048326808849565944
706,0.04925938783259973,0.058819149434566495,0.04934317178151887,0.055674323399324675,0.00048240937527069434
707,0.049391702677332394,0.04974033274763339,0.048534580890711346,0.053094215026578385,0.0004815299767516066
708,0.04862779318828729,0.061120936153708276,0.049361874540685004,0.05438198125040209,0.0004806299712081171
709,0.049412234949087454,0.051345906910058615,0.04908494920167722,0.059218388755579256,0.000479709438744049
710,0.04858521393173144,0.05283157887893754,0.04839498434937961,0.05307358785255535,0.00047876846129019655
711,0.04935550192038523,0.05970081928614024,0.049452743791544275,0.05488797472538175,0.00047780712259703405
712,0.048608362201007796,0.056523019538537875,0.04871844923777967,0.0513000455861156,0.000476825508227261
713,0.04791437168811196,0.0568714211317333,0.049684287676312416,0.05219592228531837,0.00047582370554818807
714,0.048539272237805055,0.06122348302522221,0.04895760265184341,0.056378432705595685,0.00047480180372395925
715,0.05010123074326428,0.0521556990170801,0.048474202772706115,0.05239892601966858,0.0004737598937076169
716,0.04951733550246297,0.05187992723406972,0.04808099014816838,0.050668138104516106,0.00047269806823300705
717,0.04872160804978145,0.05321100835461874,0.04758737880858144,0.04880424641274117,0.0004716164218065246
718,0.049216745650099016,0.05405158374357868,0.04802479771200045,0.052490449575959025,0.0004705150506987029
719,0.04778382304390882,0.053749569424906295,0.0476502903438604,0.05316261081276713,0.0004693940529356444
720,0.046355142045387154,0.05361083174074018,0.04729003987977578,0.049316289114790995,0.00046825352829029705
721,0.04764579121030567,0.0557502745373829,0.048469025902664595,0.05065007693058736,0.0004670935782735732
722,0.047758671135110724,0.05266984034631703,0.04830392669249977,0.05399859976526853,0.0004659143061253152
723,0.04901047423124428,0.05118461082110534,0.048111063319181524,0.06059779200602222,0.00046471581680510645
724,0.046186629661328506,0.05087975740835474,0.04740756184520511,0.05569926915136544,0.0004634982169829301
725,0.04738739610519153,0.050110160740646156,0.04656442911712714,0.057641989616928874,0.0004622616150296744
726,0.04672373030978235,0.04996511656287554,0.04791165776050251,0.05636056609250404,0.00046100612100748737
727,0.04714882858955585,0.055605098967616624,0.04787611520908158,0.051595500675407614,0.00045973184665998166
728,0.047929125557333634,0.05371838665089092,0.047539202303352145,0.049091614198845786,0.00045843890540228773
729,0.04676513525437485,0.05326814911252743,0.04659807539746995,0.05108705146892651,0.00045712741231096043
730,0.045926042583962316,0.051405015064252386,0.046373433764173064,0.05662033094747646,0.0004557974841137361
731,0.04684417564850908,0.06799472930866318,0.048477583412874684,0.050538083347114356,0.00045444923917914426
732,0.04576545320951778,0.054375077341053936,0.04600581332268962,0.05007055210503372,0.00045308279750597136
733,0.04604935011291973,0.061494770867599025,0.045929537739268646,0.05723735090043094,0.000451698280712581
734,0.045530882672962666,0.05543689564675898,0.045105908402096974,0.049085757680035924,0.00045029581202608914
735,0.046488094504658066,0.05821719060878496,0.0460133855901444,0.04945917046956114,0.0004488755162713973
736,0.04650274452158105,0.051984654326696654,0.04515686777246948,0.05241764900652138,0.00044743751986008143
737,0.04548283747527856,0.04810246792999474,0.04494041652238129,0.047000778365779566,0.00044598195077914115
738,0.044772256700225506,0.04656287355197442,0.04572082925301882,0.05479033792743812,0.0004445089385796097
739,0.04443462295976115,0.05379021598680599,0.04592170097620268,0.05445386809674469,0.0004430186143650215
740,0.04512910065804242,0.05201497740439467,0.045416148828124475,0.06845737590983107,0.0004415111107797446
741,0.04538598591944421,0.06996270420180785,0.04525368043798918,0.05141675850829563,0.00043998656199717423
742,0.04479952865850445,0.05214859150551461,0.044329476369376834,0.05292582169577882,0.0004384451037077922
743,0.04429824346758697,0.04756373082463806,0.04494239523248915,0.05315220364042231,0.0004368868731070883
744,0.04500098768693186,0.05328428632504231,0.045199662293244916,0.0648202354843552,0.00043531200888335015
745,0.04475796519422943,0.0502085076997409,0.04348503472194104,0.053460717301916434,0.00043372065120531885
746,0.04418585232267739,0.0491287140628776,0.04531534029896623,0.054240901003012786,0.00043211294170971516
747,0.04368871079682732,0.0586440216447856,0.04404325279873758,0.051718765054200144,0.00043048902348863106
748,0.04452853392266209,0.052919573316702974,0.04461731902196746,0.05739608612414953,0.00042884904107679537
749,0.043632662409984445,0.04613800511972324,0.04359138737327192,0.04911128965181273,0.0004271931404387095
750,0.044484146532822476,0.06704434190650244,0.04364847747033423,0.050874764734023324,0.0004255214689556556
751,0.043260753707112944,0.046667406446224934,0.0432307804432374,0.04877300332929637,0.0004238341754125795
752,0.04358119083007158,0.04734057967324515,0.04354386234159033,0.049538393640840374,0.00042213140998484795
753,0.0434091494466945,0.049991591858702736,0.04429600096795701,0.05126008047042666,0.00042041332422488323
754,0.0437389858900042,0.048618960984655325,0.04413195349626429,0.04997951968296154,0.0004186800710486732
755,0.04300834578166996,0.05846024028755523,0.04384946500821729,0.05245306131404799,0.0004169318047221623
756,0.04292951822066376,0.05002645884413977,0.043661471461651995,0.04535714532877948,0.0004151686808475204
757,0.042822234893857634,0.06143588909023517,0.04400258084612536,0.04933577387316807,0.0004133908563492949
758,0.0435368133558679,0.05226990014717386,0.043717214646400625,0.04862444255803083,0.0004115984894604424
759,0.042173296025455456,0.044532560073846095,0.043563557311449196,0.048557732193856624,0.00040979173970824616
760,0.0432528981853155,0.0477081205393817,0.042411247139614285,0.04242861864937318,0.000407970767900118
761,0.0422562099278202,0.046556982357759735,0.043294944173000366,0.06321679704092645,0.0004061357361092848
762,0.0424589126722998,0.05845748381437482,0.04218483708026656,0.05148034333377271,0.0004042868076603639
763,0.042318256789972135,0.04924388386913248,0.042343121817453463,0.053893980887290596,0.00040242414711482653
764,0.04244638157153999,0.047505102085100635,0.04160602319978478,0.06149011254310608,0.0004005479202563524
765,0.04246646785418612,0.048726906687826727,0.04280437383042816,0.0443432134953705,0.00039865829407607174
766,0.042023176420301254,0.048048235476017,0.041691633760071074,0.05171226675848703,0.0003967554367577048
767,0.0416696375707833,0.04454250865288683,0.04232471244992427,0.046574825088720066,0.0003948395176625916
768,0.04117742946796877,0.04623952844255679,0.04152527560556804,0.04897344752743438,0.0003929107073146196
769,0.04070098940890833,0.046560242570735315,0.041492892915450906,0.04602745002185976,0.0003909691773850446
770,0.041732540069909445,0.04732188441463419,0.04196526206164637,0.04493589381108413,0.0003890151006772117
771,0.04064537751025408,0.049304279624610335,0.04153619555938782,0.04869744749488057,0.00038704865111117737
772,0.04135517770649719,0.04797756398046339,0.04104007099846274,0.04427253462978312,0.0003850700037082267
773,0.04036941639936016,0.04734764898548255,0.04128026630865292,0.047336008460135075,0.00038307933457529806
774,0.040599303761579365,0.05229078704440916,0.04115628386398996,0.045967110186009796,0.0003810768208893078
775,0.0410726812530502,0.057446195024090846,0.040344157172170346,0.04961151748492911,0.00037906264088138214
776,0.040765889049748996,0.04592243604160644,0.04059703688310627,0.05025888167925783,0.00037703697382099235
777,0.039835119198099664,0.05710896861714286,0.03990783742602178,0.046389876225510156,0.0003750000000000001
778,0.0404068916757196,0.053727099561208004,0.04021291346459036,0.043323771675696246,0.00037295190071661046
779,0.03969607726204247,0.05542722658531086,0.0401924491543573,0.049241092176856224,0.00037089285825923614
780,0.040283454798390794,0.04592003929051193,0.040868378153174484,0.04418568902120397,0.0003688230558902726
781,0.03928909508329092,0.05183475970013721,0.03924969768405476,0.04359163289537301,0.000366742677829787
782,0.03936578236491689,0.044763836586797556,0.039234431272805195,0.05650922927904774,0.0003646519092391228
783,0.039094122727321115,0.04843029698004594,0.039329530678389166,0.0590363411887272,0.00036255093620441846
784,0.03858852217370741,0.0438251746667398,0.03857620470154308,0.04370166157951226,0.000360439945720046
785,0.03910073367145892,0.0465358858172958,0.03970216563232457,0.04275534557732376,0.0003583191256719672
786,0.03850761635654432,0.045270313161450464,0.0386812062880414,0.04296562347460438,0.00035618866482101206
787,0.038582270528813696,0.04864407459626327,0.03957733308142069,0.04540234786030409,0.0003540487527860771
788,0.038322256561618966,0.043253936638703215,0.03866358243122039,0.047210030418795505,0.00035189958002724935
789,0.037927375679152824,0.05037419413392608,0.037995841132473354,0.045073046354023184,0.00034974133782885423
790,0.03735165826032464,0.04385154758756225,0.03864740390301952,0.04490331459689785,0.00034757421828243153
791,0.03794212118792214,0.04439116551263912,0.03745742510796852,0.04784872501685813,0.0003453984142696374
792,0.037581314599130757,0.047894420394220864,0.037940966306815566,0.04825111545018248,0.00034321411944507704
793,0.03756886018858418,0.05305292080785777,0.037471000639625225,0.0473043628842444,0.00034102152821907086
794,0.037430349560436615,0.044803729139872496,0.03706340841062353,0.042648632139772984,0.00033882083574034866
795,0.0370148604256664,0.044987036569698435,0.03760457731561732,0.04647276681419965,0.0003366122378786812
796,0.037350607104599476,0.044715419230428904,0.03672684398756833,0.04355568307879809,0.00033439593120744804
797,0.03615921102249691,0.04341517308273831,0.036504197910413747,0.04353878939071217,0.00033217211298614224
798,0.0365024811236077,0.049766789356598985,0.03661491700596464,0.04703016540891415,0.0003299409811428114
799,0.03663433097560324,0.04472744980373898,0.03608731323971114,0.04793270069199639,0.0003277027342564431
800,0.03671697312304589,0.044263974838965645,0.03688364853857232,0.04261004795899262,0.0003254575715392891
801,0.03706930287454041,0.051258185143406326,0.03645872692228965,0.04144292777857265,0.0003232056928191376
802,0.036248585000105076,0.04454206802152299,0.03653783599297282,0.048027357338248075,0.00032094729852152426
803,0.0356856935913183,0.043620714605660055,0.035973139135828405,0.04254042061196791,0.00031868258965189565
804,0.0357907383547177,0.04538643106415465,0.0359942739482633,0.04387767161871936,0.00031641176777771906
805,0.03642143421018078,0.04501222086113853,0.03562109103344109,0.04371149417113614,0.00031413503501054134
806,0.036117131778909586,0.04371985810229907,0.03533858644298766,0.0442444766494068,0.00031185259398800076
807,0.03471972862877052,0.042536211930013994,0.035372517413089694,0.04235426962778375,0.0003095646478557913
808,0.035192374847900845,0.044419429773414454,0.03542084853037934,0.04125002468558582,0.0003072714002495826
809,0.034576094884518356,0.045855297087817576,0.03452021923030578,0.041281704413327014,0.0003049730552768946
810,0.03505755809355606,0.044670424268052386,0.03551277757985178,0.046634227742214464,0.0003026698174989318
811,0.035178433528130666,0.04228207007855982,0.03532266840088447,0.04649525020976324,0.0003003618919123764
812,0.03449568573578534,0.04299893379211426,0.0344685194888751,0.04138828663004411,0.0002980494839311434
813,0.034944787916446715,0.04283728885489541,0.0347338234969985,0.041879011448976156,0.0002957327993680969
814,0.033994260951948144,0.04474013985411541,0.03424173061004813,0.04461885356419795,0.00029341204441673266
815,0.03384644942154354,0.048973665628078825,0.034645176875170845,0.04736585703653258,0.00029108742563282666
816,0.03395507868465158,0.04258217896158631,0.03364156069673755,0.04305248157800855,0.00028875914991604966
817,0.03337108468254331,0.043114355307173086,0.03341711184900118,0.04205233261391923,0.00028642742449155314
818,0.03312900996697269,0.04068280337630092,0.033433232320590575,0.042752823737022036,0.0002840924568915249
819,0.03293252677519067,0.04410662792018942,0.03297948937741557,0.04575917601988122,0.0002817544549367199
820,0.033173770577630705,0.040414856011803085,0.03303456820919395,0.04212243973806098,0.0002794136267179599
821,0.03243067810908961,0.0409013382889129,0.03262627534496807,0.0588734773767961,0.00027707018057761577
822,0.033258014088657445,0.04229920701803388,0.032893229352807245,0.041962089792296695,0.0002747243250910624
823,0.032883862836104095,0.04281855737035339,0.033417222847994026,0.040357609777837186,0.0002723762690481167
824,0.03237665880957686,0.04149152465366029,0.03264862029221545,0.04110162307483119,0.0002700262214344521
825,0.032465469696328415,0.041399167176034,0.032363685133961706,0.039622190222144124,0.00026767439141299856
826,0.03186785696957425,0.039454645381585975,0.03258346224243032,0.04117200871979868,0.00026532098830532906
827,0.03179022899315819,0.04319063261956782,0.032450192706255446,0.04093288599035225,0.00026296622157302534
828,0.03189544356651533,0.04330651846689147,0.031577600319932383,0.03862157969458683,0.00026061030079903747
829,0.031305415289487236,0.04356577984384588,0.031834631865118375,0.04179212249614097,0.00025825343566902837
830,0.03173791607680968,0.040625558743203005,0.03143480704693327,0.04388167740324059,0.00025589583595271435
831,0.03153102203216868,0.03994493319376095,0.03148076282152745,0.041820056635785745,0.00025353771148519066
832,0.031665358047095804,0.038250767348988635,0.03091114205120564,0.03965826429225303,0.000251179272148258
833,0.03067379380127633,0.039329313939890344,0.030759072517565024,0.04143857794838983,0.000248820727851742
834,0.03082168665705624,0.0414396441566783,0.0307708357080045,0.03880298610877346,0.00024646228851480956
835,0.03062065371138807,0.0413044530596282,0.030775814544187857,0.03985772216440858,0.00024410416404728596
836,0.030310635242232205,0.03721305883011303,0.03068539474853055,0.03899997874490312,0.00024174656433097167
837,0.029850880633288862,0.03994251290285909,0.029977748408241488,0.04100930977713417,0.00023938969920096303
838,0.02994129938321928,0.04115225393828508,0.030239399749564005,0.03822866403371901,0.00023703377842697492
839,0.030192889046145605,0.04103016217012663,0.029831104077069865,0.03896981200857742,0.00023467901169467117
840,0.029309051218594562,0.03815238718446848,0.03009389571652474,0.045019069475096624,0.00023232560858700145
841,0.029628928114379435,0.04377851804365983,0.02942135346241853,0.039570858158372545,0.00022997377856554842
842,0.029357937910020237,0.03813984124241648,0.028972460083920872,0.03917414344645835,0.0002276237309518836
843,0.02908505132017861,0.03845441144060444,0.029240941605575367,0.03849374312605407,0.00022527567490893743
844,0.029239080860610202,0.03872953150924799,0.028818594761936427,0.03727413290054411,0.0002229298194223847
845,0.02884879286424212,0.03935819214864357,0.028930596487092536,0.038290423819342174,0.00022058637328204058
846,0.02846062934337159,0.03844976131175015,0.028230288123172097,0.037559205142630114,0.00021824554506328058
847,0.02846347622130059,0.0397685629592554,0.02881941019294644,0.03895293176174164,0.00021590754310847493
848,0.02837068761293124,0.03752621926770017,0.028542831466817468,0.03772166023987371,0.00021357257550844733
849,0.027982707623385193,0.040850478914138434,0.02804932602808137,0.03859332986176014,0.00021124085008395057
850,0.02800710269405494,0.041670334530440535,0.028249296786946435,0.03867634421063436,0.00020891257436717379
851,0.027586062908916235,0.038788556760630095,0.027642648238080936,0.03636361975726243,0.00020658795558326756
852,0.027731356570307675,0.042036821250174494,0.027724981320496368,0.03679380073539309,0.00020426720063190334
853,0.02730027004904802,0.03729775272108413,0.02718514167022625,0.03910416641549484,0.00020195051606885708
854,0.02718117419315677,0.03769807501419171,0.027384044159196617,0.036102355815268855,0.00019963810808762381
855,0.027074652073293525,0.03777695370687021,0.02664134330196653,0.036705002037657274,0.00019733018250106839
856,0.027009157528260618,0.03804807456562648,0.02671529324957654,0.03811421640015937,0.00019502694472310584
857,0.027142427303969516,0.03946522733045591,0.027134135159915904,0.0362495516905108,0.0001927285997504176
858,0.026859533291975046,0.037876567516375234,0.02668722838721097,0.03513018301612622,0.0001904353521442087
859,0.02661575689454225,0.0391349459922797,0.026351941304349282,0.03792424645979662,0.00018814740601199963
860,0.02668669612295282,0.03730868922697531,0.02667375395321171,0.037300444273529826,0.00018586496498945883
861,0.02611937816299484,0.035642585108006324,0.02627206626643146,0.03881191599207955,0.0001835882322222813
862,0.025836360787404363,0.038249825927856806,0.02597128444900039,0.036468097879677204,0.0001813174103481041
863,0.026167427547161615,0.03790562401550847,0.02581739453366473,0.04154452025084882,0.00017905270147847588
864,0.025872860386281234,0.036081852693412755,0.02550105608091645,0.038802209405882936,0.00017679430718086278
865,0.025576469761939745,0.03720653956202236,0.025536390178749292,0.03772486187517643,0.0001745424284607106
866,0.02508408001010912,0.0382733607312312,0.02508723103725521,0.03766595488665877,0.00017229726574355725
867,0.025327841851381216,0.03609503033394749,0.024889251061727697,0.03677491760133086,0.00017005901885718856
868,0.025140001309853253,0.038534802711895993,0.024721952444818337,0.03796881799762313,0.00016782788701385798
869,0.024679176673836536,0.03719160464164373,0.024453924457594436,0.03595809991899374,0.00016560406879255197
870,0.02472490303382821,0.036752685149376456,0.024581068640506885,0.0376745186846804,0.00016338776212131902
871,0.024559460803794883,0.03589472653898033,0.02430246077342077,0.03632757640569597,0.00016117916425965176
872,0.024026904879012743,0.03720342864257258,0.024179633583465945,0.03681275078372375,0.00015897847178092904
873,0.024147112939628325,0.035422315871393356,0.023860430514758127,0.03580434039436482,0.0001567858805549227
874,0.02394133381502642,0.035885280944608355,0.02373542846493323,0.036017133909705526,0.00015460158573036304
875,0.02376999229464444,0.03718835107378057,0.02431939231614348,0.03557172889846402,0.00015242578171756864
876,0.023691288099021806,0.036028574346690566,0.023675255506029513,0.03657735685843068,0.00015025866217114578
877,0.02363359222220768,0.038681677326157286,0.023609175007153954,0.0379709903754898,0.0001481004199727511
878,0.023494580637256037,0.03639173054614583,0.023482993640177197,0.03652723508106696,0.00014595124721392306
879,0.023072761583594236,0.03533652075440497,0.02317216958950726,0.035301659175673045,0.00014381133517898833
880,0.023166944235277268,0.034864473453647384,0.023079470884155004,0.03414915961188239,0.000141680874328033
881,0.022733393161881166,0.035465936634588885,0.02291100779137147,0.03655328948956889,0.00013956005427995423
882,0.022699861544150424,0.037615839140237986,0.02258284754815177,0.03396249637007713,0.00013744906379558195
883,0.02252225058721718,0.03614433050357007,0.02239319121897678,0.033971009181963434,0.00013534809076087744
884,0.0225926762269792,0.03725987809735375,0.022431917708445763,0.03575222205269981,0.00013325732217021302
885,0.02233662950000127,0.0348030170576798,0.021957977423748276,0.03423942966839752,0.0001311769441097278
886,0.02196629357214967,0.034787116612534266,0.02191783868816758,0.03515314747755592,0.00012910714174076406
887,0.021855799998773438,0.034221390896552316,0.021665355610713047,0.03350388069410582,0.00012704809928338958
888,0.022060139628481155,0.03520416169351823,0.021874462594876992,0.03435102675009418,0.00012500000000000027
889,0.02168673185556555,0.03436663116554956,0.021653198190176443,0.034959441795945165,0.00012296302617900782
890,0.021518909682532245,0.034314725628575765,0.02147269589493977,0.03435827558105056,0.00012093735911861821
891,0.02153915084805518,0.03607770765351283,0.021304134578907043,0.03407911261593973,0.00011892317911069196
892,0.02105468244965755,0.03475610030865347,0.021159117068959517,0.03459704412600478,0.0001169206654247021
893,0.021172410127440477,0.03502235182032392,0.02100560459846384,0.03407738757495945,0.00011492999629177363
894,0.020945362348981818,0.03390059205325874,0.020882978314094088,0.033166701880258484,0.00011295134888882279
895,0.02078794040797625,0.03392645289769044,0.020570871228041153,0.035080107623660886,0.0001109848993227882
896,0.02069423725603295,0.03311968376306263,0.020558363171705472,0.032857803507028396,0.00010903082261495551
897,0.020593606347607846,0.03432875626997368,0.020262975494186045,0.033910951300247294,0.00010708929268538053
898,0.020460680340758156,0.035466596212338754,0.020273440926838058,0.03342320735792856,0.00010516048233740835
899,0.020303925487700842,0.03348372618894319,0.020193124289182865,0.033198598983722766,0.00010324456324229531
900,0.020060785592939424,0.03313226086666455,0.019905996846746574,0.033495702805954056,0.00010134170592392854
901,0.020148894142702708,0.03461191052117863,0.0199349150901764,0.03321519225231699,9.945207974364769e-05
902,0.019948210501095957,0.03315569916488351,0.019726016394250565,0.03325665281028361,9.75758528851732e-05
903,0.019906398932308302,0.033334828903143474,0.019440963117123337,0.03275645782013197,9.571319233963636e-05
904,0.019548352974897782,0.0323928909930023,0.019246147455729817,0.03246572440540468,9.386426389071532e-05
905,0.019513368448367676,0.0328834065915765,0.0191572385191231,0.03278441736222924,9.202923209988224e-05
906,0.019441446561130362,0.033494373682785676,0.01918595668371774,0.032697401195764544,9.020826029175389e-05
907,0.01920207387243975,0.03379409537726157,0.018900025273975336,0.03260290629759028,8.840151053955773e-05
908,0.01910182812935789,0.03319738696555834,0.018717934331014725,0.03238969828832794,8.660914365070544e-05
909,0.018977507169496075,0.033839926345122825,0.018701712228179034,0.033300246167424566,8.483131915247977e-05
910,0.01897501263985564,0.03306643583283231,0.018559201690234287,0.03250238460463446,8.306819527783787e-05
911,0.01871926023494345,0.0331359541295348,0.01846192920787864,0.032387736983395914,8.131992895132707e-05
912,0.01859619411069635,0.03326327902441089,0.018277232743435023,0.03219948773448532,7.958667577511688e-05
913,0.01852411519907658,0.03298802747315652,0.0181906996080348,0.03282907854866337,7.786859001515194e-05
914,0.018243059174527707,0.032301259121379336,0.01805680375653471,0.03236573581155893,7.61658245874207e-05
915,0.018338846103529555,0.033351886423455705,0.01802872624266142,0.03215472170630017,7.447853104434444e-05
916,0.018071824657031818,0.03276099228375667,0.01768901465986203,0.03239342992168826,7.280685956129072e-05
917,0.017947879954171502,0.03265744969248772,0.017785172401829096,0.03204654862953199,7.115095892320437e-05
918,0.017789492085969322,0.03272186322389422,0.01751105280256975,0.032319646217935795,6.951097651136894e-05
919,0.017694749120415517,0.03276237617876079,0.017422990896694378,0.031859645720671965,6.788705829028503e-05
920,0.017679373094644003,0.03273058808534532,0.017378389063128583,0.032070197547609744,6.627934879468088e-05
921,0.01753786911708866,0.03219347432054378,0.017154013098980837,0.03199386502037177,6.468799111665e-05
922,0.01737942173093872,0.032518817353490236,0.017085785527075435,0.031974030376688854,6.311312689291155e-05
923,0.017217234184611553,0.0328538048710372,0.016906431310357895,0.03265049757586943,6.155489629220776e-05
924,0.017207697355644258,0.03256456494532727,0.016725410526750643,0.03179810968403881,6.001343800282566e-05
925,0.01705005352480083,0.03248445520529876,0.01672425730540033,0.03188529068956504,5.848888922025541e-05
926,0.016958683762241748,0.03226655361217422,0.016623443917634106,0.031918402579990596,5.698138563497856e-05
927,0.017049602752161747,0.031975495080287394,0.016470634196160964,0.031747051721086376,5.549106142039042e-05
928,0.01678337396842905,0.03257740332266769,0.016221115042074744,0.031917583831661454,5.401804922085848e-05
929,0.01666374264406523,0.03228894720810491,0.016190629821599616,0.031498884278777485,5.2562480139918597e-05
930,0.016524988118444717,0.03335884361452347,0.016119613855605276,0.031716883756421704,5.112448372860254e-05
931,0.016548593062013672,0.03203612594185649,0.016014942302298867,0.03163236420903657,4.970418797391054e-05
932,0.0162684807836323,0.03229359133622131,0.01598511428541849,0.031154046358691678,4.8301719287419025e-05
933,0.01621746898212268,0.03219101178283627,0.015922281221663597,0.03134644088914265,4.6917202494028535e-05
934,0.016155624676374235,0.031779328310811844,0.015741292642869213,0.03127332983186116,4.555076082085574e-05
935,0.01609267647719572,0.03220268649023932,0.01568315432973621,0.03170560429225097,4.4202515886263756e-05
936,0.015934302001447916,0.03233324810862541,0.015493089966869229,0.03200712880572757,4.2872587689039454e-05
937,0.015865146829576845,0.03198551017086248,0.015461472440475237,0.031349874106613364,4.156109459771226e-05
938,0.015755590968434617,0.03195016271359212,0.015402073525929118,0.031258897865946225,4.0268153340018236e-05
939,0.01569872563114951,0.03161241161460812,0.015257329613885586,0.031075765142166936,3.899387899251239e-05
940,0.01559558131994819,0.03160903177954055,0.015193148312335852,0.031181860332553452,3.773838497032567e-05
941,0.015500581343327569,0.031982247783122836,0.015159430723251228,0.03128904629800771,3.650178301706986e-05
942,0.01544017400127798,0.031600619882747934,0.014968260640954158,0.03105363056466386,3.528418319489346e-05
943,0.015305425746512962,0.03166855053120368,0.014909178028401566,0.030957196995213224,3.408569387468497e-05
944,0.015277388979342986,0.03160254374347828,0.014851339461707337,0.03123966671929166,3.2906421726426885e-05
945,0.015132412769350862,0.03150127284430169,0.014717828218723271,0.030931665385897096,3.1746471709703156e-05
946,0.015159122675349811,0.03170777682114292,0.014625958983040989,0.031175968322802235,3.060594706435549e-05
947,0.015031745913840702,0.031548528886727385,0.01463503007385558,0.031073137956696587,2.9484949301297192e-05
948,0.014883746964152681,0.031661920148778604,0.014503528818044804,0.031000887068945007,2.8383578193475505e-05
949,0.014906353684546222,0.03142258894403239,0.014514223760040388,0.031035053639395817,2.7301931766992998e-05
950,0.014850787949818053,0.031556281860213024,0.014361139851659823,0.031050618486227217,2.6240106292383047e-05
951,0.014732025414455016,0.03141923967648197,0.014297274236286671,0.03069103176932077,2.519819627604075e-05
952,0.014687861532201694,0.03162516167236341,0.014301729031915343,0.030868127791059984,2.417629445181199e-05
953,0.014587008262914739,0.0314122302508032,0.01412612100841474,0.03073969599161599,2.3174491772738917e-05
954,0.014515778930203529,0.031374798473474144,0.014075133004788874,0.030694258776870934,2.219287740296602e-05
955,0.014486957422766884,0.031431979867252144,0.014017881154334763,0.030706755776663083,2.1231538709803543e-05
956,0.014443285548755624,0.03138181208758741,0.013910107486193103,0.030661985318402987,2.0290561255950993e-05
957,0.014360214085738227,0.03131803088896983,0.013924896565128311,0.03064196960547486,1.937002879188279e-05
958,0.01427355988019087,0.031518057592817256,0.013840190792767305,0.03067655978170601,1.847002324839358e-05
959,0.014175356491763795,0.03129889680123007,0.013755298618248694,0.03077742539950319,1.759062472930572e-05
960,0.014105774865319484,0.031284025049692875,0.01370924156545277,0.030546523691029163,1.6731911504340776e-05
961,0.014082928889765334,0.03126594936726867,0.013617374683996653,0.030740927773955706,1.5893960002151956e-05
962,0.014019570448355402,0.031123760513759948,0.013551619898656565,0.030625618903620824,1.507684480352289e-05
963,0.014006022130623602,0.031162075567487124,0.013599288766942703,0.030655777887315362,1.4280638634729056e-05
964,0.013941169578775106,0.03119889804841699,0.013500340730702637,0.030749785749090684,1.3505412361064447e-05
965,0.013945239790913697,0.031234221714171204,0.013473501438793374,0.030568633450044166,1.2751234980535288e-05
966,0.013852422483150996,0.03120002730472668,0.013351628503220553,0.030614934589814496,1.2018173617718449e-05
967,0.013865257912778409,0.031246811755605647,0.013343281006251038,0.030635570120569822,1.1306293517786638e-05
968,0.013789538075993707,0.031166641736352765,0.013295177591968178,0.030697009652047545,1.061565804070227e-05
969,0.013747939795269962,0.03109709453341123,0.013296744402769718,0.03065340569293177,9.946328655577702e-06
970,0.013610128838847787,0.031152967413937725,0.013153071857581269,0.03065102574591701,9.29836493520394e-06
971,0.013673177368817369,0.031108656233629666,0.013230199575238287,0.030630611869934442,8.671824550749158e-06
972,0.013521318758289096,0.031087413269120293,0.013037595064906607,0.030616149688894683,8.066763266625332e-06
973,0.013635268164065715,0.031156554556376226,0.013124798837470001,0.030538090197621166,7.483234935524824e-06
974,0.013552381455068853,0.03101720200801218,0.013064548402717212,0.030508471673002115,6.921291493627824e-06
975,0.013455239216655836,0.031079989258904716,0.012978737728738168,0.030520080563587113,6.380982955979132e-06
976,0.013471318280142008,0.031051500705448355,0.012952340300232458,0.030598043177176168,5.86235741203769e-06
977,0.013358461513271603,0.031056223487531818,0.012924905375697276,0.03043907773051713,5.365461021395147e-06
978,0.01341785948308839,0.03104882935011709,0.012924679116151097,0.030492665246129036,4.890338009668368e-06
979,0.013349374413004078,0.03103483236722044,0.012868019477812834,0.030485424107393702,4.4370306645629935e-06
980,0.013326660289309362,0.03107832358092875,0.012831793452707796,0.030481912145340764,4.005579332109596e-06
981,0.013326951711047119,0.031014708570531898,0.012828130288417817,0.030532424353264472,3.596022413072911e-06
982,0.013308710284574019,0.03098960360763846,0.012820456425468089,0.03043075218998097,3.20839635953357e-06
983,0.013216303984121547,0.030994899560873573,0.01269873650923314,0.030427480489015578,2.842735671644307e-06
984,0.013178919788786065,0.031009333993534786,0.01269742718409754,0.03045042479360426,2.499072894559083e-06
985,0.013259470368058005,0.031017013830510344,0.01274414475553181,0.030445684039512196,2.177438615536152e-06
986,0.013181316096071089,0.03101016043408497,0.012715340607161427,0.030455403462857814,1.877861461216239e-06
987,0.013154756738991975,0.030999139555402705,0.012655974562403222,0.030431212434494818,1.6003680950742716e-06
988,0.013159927736874848,0.03100732744142816,0.012680372606691208,0.030455099086503724,1.3449832150462794e-06
989,0.013164348395330377,0.031047901823311238,0.012688545260807203,0.030457025585142343,1.1117295513313744e-06
990,0.013117526023292954,0.030991519725806004,0.012641884536695114,0.030419267915390635,9.006278643683967e-07
991,0.01309478344510161,0.031011559310797097,0.012607953943769786,0.030454825640127466,7.116969429883929e-07
992,0.013070167583054121,0.031018285513729663,0.012588403824959916,0.030451796274330166,5.449536027423425e-07
993,0.013044174509426854,0.03100113611970399,0.012565421355233999,0.03043237892357079,4.004126844042441e-07
994,0.01308269671838366,0.031035457108471845,0.012604070664696295,0.03041695848711439,2.780870526505328e-07
995,0.013113616795892222,0.031030979913634224,0.01258652992618061,0.030483730852201178,1.779875949149966e-07
996,0.013010652715272329,0.031007657461875195,0.012526151300506261,0.03043269190836597,1.0012322041960668e-07
997,0.013030117049620213,0.03099824360294922,0.012558223021836977,0.030418651732238563,4.450085938170753e-08
998,0.013055984567200153,0.03098918757325894,0.012607217020928974,0.03040803224855178,1.112546239726008e-08
999,0.013072830059113348,0.03099105132592691,0.012571601658315897,0.030400940332863783,0.0
1000,0.013060640291652272,0.030984794147111274,0.01259728688022726,0.030406666536991662,1.1125462397260089e-08
